﻿{"version":"2.24.3","chords":[{"root":1,"beat":1,"duration":3,"type":5,"inversion":0,"applied":0,"adds":[],"omits":[],"alterations":[],"suspensions":[],"substitutions":[],"pedal":null,"alternate":"","borrowed":"","isRest":false,"recordingEndBeat":null},{"root":1,"beat":4,"duration":3,"type":7,"inversion":0,"applied":0,"adds":[],"omits":[],"alterations":[],"suspensions":[],"substitutions":[],"pedal":null,"alternate":"","borrowed":"harmonicMinor","isRest":false,"recordingEndBeat":null},{"root":1,"beat":7,"duration":6,"type":7,"inversion":0,"applied":0,"adds":[],"omits":[],"alterations":[],"suspensions":[],"substitutions":[],"pedal":null,"alternate":"","borrowed":"","isRest":false,"recordingEndBeat":null},{"root":2,"beat":13,"duration":6,"type":7,"inversion":0,"applied":0,"adds":[],"omits":[],"alterations":[],"suspensions":[],"substitutions":[],"pedal":null,"alternate":"","borrowed":"major","isRest":false,"recordingEndBeat":null},{"root":5,"beat":19,"duration":3,"type":7,"inversion":0,"applied":0,"adds":[],"omits":[],"alterations":[],"suspensions":[],"substitutions":[],"pedal":null,"alternate":"","borrowed":"major","isRest":false,"recordingEndBeat":null},{"root":5,"beat":22,"duration":3,"type":7,"inversion":0,"applied":0,"adds":[],"omits":[],"alterations":["#9"],"suspensions":[],"substitutions":[],"pedal":null,"alternate":"","borrowed":"major","isRest":false,"recordingEndBeat":null},{"root":1,"beat":25,"duration":3,"type":5,"inversion":0,"applied":0,"adds":[],"omits":[],"alterations":[],"suspensions":[],"substitutions":[],"pedal":null,"alternate":"","borrowed":"","isRest":false,"recordingEndBeat":null},{"root":1,"beat":28,"duration":3,"type":7,"inversion":0,"applied":0,"adds":[],"omits":[],"alterations":[],"suspensions":[],"substitutions":[],"pedal":null,"alternate":"","borrowed":"harmonicMinor","isRest":false,"recordingEndBeat":null},{"root":1,"beat":31,"duration":6,"type":7,"inversion":0,"applied":0,"adds":[],"omits":[],"alterations":[],"suspensions":[],"substitutions":[],"pedal":null,"alternate":"","borrowed":"","isRest":false,"recordingEndBeat":null},{"root":7,"beat":37,"duration":6,"type":7,"inversion":0,"applied":0,"adds":[],"omits":[],"alterations":[],"suspensions":[],"substitutions":[],"pedal":null,"alternate":"","borrowed":"phrygian","isRest":false,"recordingEndBeat":null},{"root":6,"beat":43,"duration":6,"type":7,"inversion":0,"applied":5,"adds":[],"omits":[],"alterations":[],"suspensions":[],"substitutions":[],"pedal":null,"alternate":"","borrowed":"","isRest":false,"recordingEndBeat":null},{"root":6,"beat":49,"duration":12,"type":7,"inversion":0,"applied":0,"adds":[],"omits":[],"alterations":[],"suspensions":[],"substitutions":[],"pedal":null,"alternate":"","borrowed":"","isRest":false,"recordingEndBeat":null},{"root":6,"beat":61,"duration":6,"type":7,"inversion":0,"applied":0,"adds":[],"omits":[],"alterations":["b5"],"suspensions":[],"substitutions":[],"pedal":null,"alternate":"","borrowed":"major","isRest":false,"recordingEndBeat":null},{"root":5,"beat":67,"duration":6,"type":7,"inversion":0,"applied":5,"adds":[],"omits":[],"alterations":["#9"],"suspensions":[],"substitutions":[],"pedal":null,"alternate":"","borrowed":"","isRest":false,"recordingEndBeat":null},{"root":5,"beat":73,"duration":6,"type":7,"inversion":0,"applied":0,"adds":[],"omits":[],"alterations":[],"suspensions":[],"substitutions":[],"pedal":null,"alternate":"","borrowed":"","isRest":false,"recordingEndBeat":null},{"root":5,"beat":79,"duration":6,"type":7,"inversion":0,"applied":0,"adds":[],"omits":[],"alterations":["#11"],"suspensions":[],"substitutions":[],"pedal":null,"alternate":"","borrowed":[-1,1,3,4,6,8,10],"isRest":false,"recordingEndBeat":null},{"root":4,"beat":85,"duration":6,"type":7,"inversion":0,"applied":0,"adds":[],"omits":[],"alterations":[],"suspensions":[],"substitutions":[],"pedal":null,"alternate":"","borrowed":"","isRest":false,"recordingEndBeat":null},{"root":7,"beat":91,"duration":6,"type":7,"inversion":0,"applied":0,"adds":[],"omits":[],"alterations":[],"suspensions":[],"substitutions":[],"pedal":null,"alternate":"","borrowed":"","isRest":false,"recordingEndBeat":null}],"notes":[{"sd":"1","octave":1,"beat":1,"duration":3,"isRest":false,"recordingEndBeat":null},{"sd":"3","octave":0,"beat":4,"duration":1,"isRest":true,"recordingEndBeat":null},{"sd":"3","octave":1,"beat":5,"duration":1,"isRest":false,"recordingEndBeat":null},{"sd":"4","octave":1,"beat":6,"duration":1,"isRest":false,"recordingEndBeat":null},{"sd":"3","octave":1,"beat":7,"duration":0.5,"isRest":false,"recordingEndBeat":null},{"sd":"2","octave":1,"beat":7.5,"duration":0.5,"isRest":false,"recordingEndBeat":null},{"sd":"3","octave":1,"beat":8,"duration":2,"isRest":false,"recordingEndBeat":null},{"sd":"1","octave":1,"beat":10,"duration":3,"isRest":false,"recordingEndBeat":null},{"sd":"3","octave":0,"beat":13,"duration":1,"isRest":true,"recordingEndBeat":null},{"sd":"4","octave":0,"beat":14,"duration":0.5,"isRest":false,"recordingEndBeat":null},{"sd":"3","octave":0,"beat":14.5,"duration":0.5,"isRest":false,"recordingEndBeat":null},{"sd":"4","octave":0,"beat":15,"duration":0.5,"isRest":false,"recordingEndBeat":null},{"sd":"5","octave":0,"beat":15.5,"duration":0.5,"isRest":false,"recordingEndBeat":null},{"sd":"5","octave":0,"beat":16,"duration":3,"isRest":false,"recordingEndBeat":null},{"sd":"1","octave":0,"beat":19,"duration":3,"isRest":true,"recordingEndBeat":null},{"sd":"7","octave":0,"beat":22,"duration":0.67,"isRest":false,"recordingEndBeat":null},{"sd":"6","octave":0,"beat":22.67,"duration":0.66,"isRest":false,"recordingEndBeat":null},{"sd":"5","octave":0,"beat":23.33,"duration":0.67,"isRest":false,"recordingEndBeat":null},{"sd":"4","octave":0,"beat":24,"duration":1,"isRest":false,"recordingEndBeat":null},{"sd":"3","octave":0,"beat":25,"duration":1,"isRest":false,"recordingEndBeat":null},{"sd":"5","octave":0,"beat":26,"duration":1,"isRest":false,"recordingEndBeat":null},{"sd":"1","octave":1,"beat":27,"duration":1,"isRest":false,"recordingEndBeat":null},{"sd":"1","octave":0,"beat":28,"duration":1,"isRest":true,"recordingEndBeat":null},{"sd":"3","octave":1,"beat":29,"duration":1,"isRest":false,"recordingEndBeat":null},{"sd":"4","octave":1,"beat":30,"duration":1,"isRest":false,"recordingEndBeat":null},{"sd":"3","octave":1,"beat":31,"duration":0.5,"isRest":false,"recordingEndBeat":null},{"sd":"2","octave":1,"beat":31.5,"duration":0.5,"isRest":false,"recordingEndBeat":null},{"sd":"3","octave":1,"beat":32,"duration":2,"isRest":false,"recordingEndBeat":null},{"sd":"1","octave":0,"beat":34,"duration":1,"isRest":true,"recordingEndBeat":null},{"sd":"3","octave":0,"beat":35,"duration":1,"isRest":false,"recordingEndBeat":null},{"sd":"4","octave":0,"beat":36,"duration":0.5,"isRest":false,"recordingEndBeat":null},{"sd":"3","octave":0,"beat":36.5,"duration":0.5,"isRest":false,"recordingEndBeat":null},{"sd":"4","octave":0,"beat":37,"duration":1.5,"isRest":false,"recordingEndBeat":null},{"sd":"b5","octave":0,"beat":38.5,"duration":0.5,"isRest":false,"recordingEndBeat":null},{"sd":"4","octave":0,"beat":39,"duration":0.5,"isRest":false,"recordingEndBeat":null},{"sd":"3","octave":0,"beat":39.5,"duration":0.5,"isRest":false,"recordingEndBeat":null},{"sd":"4","octave":0,"beat":40,"duration":0.5,"isRest":false,"recordingEndBeat":null},{"sd":"3","octave":0,"beat":40.5,"duration":2.5,"isRest":false,"recordingEndBeat":null},{"sd":"1","octave":0,"beat":49,"duration":1,"isRest":true,"recordingEndBeat":null},{"sd":"3","octave":-1,"beat":50,"duration":1,"isRest":false,"recordingEndBeat":null},{"sd":"6","octave":-1,"beat":51,"duration":2,"isRest":false,"recordingEndBeat":null},{"sd":"7","octave":-1,"beat":53,"duration":2,"isRest":false,"recordingEndBeat":null},{"sd":"1","octave":0,"beat":55,"duration":1,"isRest":false,"recordingEndBeat":null},{"sd":"3","octave":0,"beat":56,"duration":1,"isRest":false,"recordingEndBeat":null},{"sd":"3","octave":0,"beat":57,"duration":4,"isRest":false,"recordingEndBeat":null},{"sd":"1","octave":0,"beat":61,"duration":2,"isRest":true,"recordingEndBeat":null},{"sd":"2","octave":0,"beat":63,"duration":2,"isRest":false,"recordingEndBeat":null},{"sd":"3","octave":0,"beat":65,"duration":1,"isRest":false,"recordingEndBeat":null},{"sd":"4","octave":0,"beat":66,"duration":2.5,"isRest":false,"recordingEndBeat":null},{"sd":"3","octave":0,"beat":68.5,"duration":0.5,"isRest":false,"recordingEndBeat":null},{"sd":"2","octave":0,"beat":69,"duration":0.25,"isRest":false,"recordingEndBeat":null},{"sd":"3","octave":0,"beat":69.25,"duration":1.5,"isRest":false,"recordingEndBeat":null},{"sd":"2","octave":0,"beat":70.75,"duration":1.75,"isRest":false,"recordingEndBeat":null},{"sd":"1","octave":0,"beat":72.5,"duration":0.5,"isRest":false,"recordingEndBeat":null},{"sd":"1","octave":0,"beat":73,"duration":2,"isRest":true,"recordingEndBeat":null},{"sd":"1","octave":0,"beat":75,"duration":1,"isRest":false,"recordingEndBeat":null},{"sd":"b2","octave":0,"beat":76,"duration":0.5,"isRest":false,"recordingEndBeat":null},{"sd":"1","octave":0,"beat":76.5,"duration":1.5,"isRest":false,"recordingEndBeat":null},{"sd":"1","octave":0,"beat":78,"duration":0.5,"isRest":false,"recordingEndBeat":null},{"sd":"7","octave":-1,"beat":78.5,"duration":0.5,"isRest":false,"recordingEndBeat":null},{"sd":"1","octave":0,"beat":79,"duration":3,"isRest":false,"recordingEndBeat":null},{"sd":"1","octave":0,"beat":82,"duration":2,"isRest":false,"recordingEndBeat":null},{"sd":"6","octave":-1,"beat":84,"duration":0.25,"isRest":false,"recordingEndBeat":null},{"sd":"5","octave":-1,"beat":84.25,"duration":0.25,"isRest":false,"recordingEndBeat":null},{"sd":"#4","octave":-1,"beat":84.5,"duration":0.5,"isRest":false,"recordingEndBeat":null},{"sd":"5","octave":-1,"beat":85,"duration":1,"isRest":false,"recordingEndBeat":null},{"sd":"4","octave":-1,"beat":86,"duration":2,"isRest":false,"recordingEndBeat":null},{"sd":"1","octave":0,"beat":88,"duration":1,"isRest":false,"recordingEndBeat":null},{"sd":"3","octave":-1,"beat":89,"duration":1,"isRest":false,"recordingEndBeat":null},{"sd":"6","octave":-1,"beat":90,"duration":1,"isRest":false,"recordingEndBeat":null},{"sd":"4","octave":0,"beat":91,"duration":0.25,"isRest":false,"recordingEndBeat":null},{"sd":"5","octave":0,"beat":91.25,"duration":0.75,"isRest":false,"recordingEndBeat":null},{"sd":"6","octave":0,"beat":92,"duration":1,"isRest":false,"recordingEndBeat":null},{"sd":"7","octave":0,"beat":93,"duration":1,"isRest":false,"recordingEndBeat":null},{"sd":"5","octave":0,"beat":94,"duration":0.5,"isRest":false,"recordingEndBeat":null},{"sd":"3","octave":0,"beat":94.5,"duration":0.5,"isRest":false,"recordingEndBeat":null},{"sd":"7","octave":-1,"beat":95,"duration":1,"isRest":false,"recordingEndBeat":null},{"sd":"6","octave":-1,"beat":96,"duration":1,"isRest":false,"recordingEndBeat":null}],"keys":[{"beat":1,"scale":"minor","tonic":"D"}],"tempos":[{"beat":1,"bpm":69,"swingFactor":0,"swingBeat":0.5}],"meters":[{"beat":1,"numBeats":12,"beatUnit":3}],"breaks":[{"beat":145}],"bands":[{"beat":1,"lead1":[{"mute":false,"octaveOffset":0,"velocity":0.5,"specification":"Piano Lead","midiChannel":1,"useHookpadOutput":true,"useMIDIOutput":true,"solo":false,"wasMutedBeforeSolo":false,"pan":0,"timing":0}],"lead2":[{"mute":false,"octaveOffset":0,"velocity":0.5,"specification":"Piano Lead","midiChannel":2,"useHookpadOutput":true,"useMIDIOutput":true,"solo":false,"wasMutedBeforeSolo":false,"pan":0,"timing":0}],"lead3":[{"mute":false,"octaveOffset":0,"velocity":0.5,"specification":"Piano Lead","midiChannel":3,"useHookpadOutput":true,"useMIDIOutput":true,"solo":false,"wasMutedBeforeSolo":false,"pan":0,"timing":0}],"lead4":[{"mute":false,"octaveOffset":0,"velocity":0.5,"specification":"Piano Lead","midiChannel":4,"useHookpadOutput":true,"useMIDIOutput":true,"solo":false,"wasMutedBeforeSolo":false,"pan":0,"timing":0}],"harmony":[{"octaveOffset":0,"velocity":0.5,"specification":"Piano 1/4s","midiChannel":5,"useHookpadOutput":true,"useMIDIOutput":true,"solo":false,"wasMutedBeforeSolo":false,"pan":0,"timing":0}],"bass":[{"octaveOffset":0,"velocity":0.5,"specification":"Piano Bass-Dotted","midiChannel":9,"useHookpadOutput":true,"useMIDIOutput":false,"solo":false,"wasMutedBeforeSolo":false,"pan":0,"timing":0}],"drums":[{"octaveOffset":0,"velocity":0.5,"specification":"Basic Pop 22","midiChannel":10,"useHookpadOutput":false,"useMIDIOutput":false,"solo":false,"wasMutedBeforeSolo":false,"pan":0,"timing":0}]}],"lyrics":{"isOpen":false,"isFocused":false,"values":["","","",""],"sectionLyrics":[{"sectionName":"Song","lyrics":["","","",""]}]},"sections":[],"cursor":{"beat":1,"location":"cursor-note-staff"},"settings":{"widthBeat":36,"zoom":1.1,"youtubeVolume":70,"globalDetune":0,"metronome":false,"relativeNotation":true,"staffMode":"note-staff-mode-collapsed","wrapMode":"wrap-mode-fixed-mreasures-per-line","wrapModeMeasuresPerLine":2,"colorMode":"diatonic-centric","showMeasureStaff":true,"showLoopStaff":true,"showNoteStaff":true,"showChordStaff":true,"inactiveMelodyDisplay":"inactive-melody-colored-by-index","showOnlyStableInStaff":false,"midiOutputLatency":0,"compressorValue":0.5,"compressorIsActive":false,"enableExternalMP3":true,"externalMP3URL":"","externalMP3StartBeat":1,"externalMP3Duration":0,"isExternalMP3Loaded":false,"leadTrackNames":["Lead 1","Lead 2","Lead 3","Lead 4"],"playbackTransposition":0},"loopGui":{"looping":false,"beat":85,"duration":12},"youtube":{"id":"https://www.youtube.com/watch?v=FfH2e9EYeQA","syncStart":0.5654416414101832,"syncEnd":0.678328740776757,"syncMode":"youtube-sync-mode-test"},"keyFrames":[{"beat":1},{"beat":97}],"activeMelodyIndex":0,"endBeat":193,"inactiveNotes":[[],[],[],[]],"visibleMelodies":[0,1,2,3],"soloAndMutedMelodies":{"harmonyVolume":0.7,"externalFileVolume":0.6,"drumsVolume":0.7,"metronomeVolume":0.3,"lead1Volume":0.7,"lead2Volume":0.7,"lead3Volume":0.7,"lead4Volume":0.7,"mute":{"master":false,"harmony":false,"external":false,"drums":false,"metronome":true,"lead1":false,"lead2":false,"lead3":false,"lead4":false,"bass":false},"bassVolume":0.7,"volume":1,"solo":{"harmony":false,"external":false,"drums":false,"metronome":false,"lead1":false,"lead2":false,"lead3":false,"lead4":false,"bass":false},"wasMutedBeforeSoloed":{"harmony":false,"external":false,"drums":false,"metronome":false,"lead1":false,"lead2":false,"lead3":false,"lead4":false,"bass":false}},"FXBypass":{},"customFXParams":{},"customSynthParams":{},"pickup":false,"fp":"9eb272c9307e85fb3215b0235bf43c4f00274131"}