﻿{"version":"2.24.3","chords":[{"root":6,"beat":1,"duration":4,"type":5,"inversion":0,"applied":0,"adds":[],"omits":[],"alterations":[],"suspensions":[],"substitutions":[],"pedal":null,"alternate":"","borrowed":"","isRest":false,"recordingEndBeat":null},{"root":7,"beat":5,"duration":4,"type":5,"inversion":0,"applied":0,"adds":[],"omits":[],"alterations":[],"suspensions":[],"substitutions":[],"pedal":null,"alternate":"","borrowed":"","isRest":false,"recordingEndBeat":null},{"root":3,"beat":9,"duration":4,"type":7,"inversion":0,"applied":0,"adds":[],"omits":[],"alterations":[],"suspensions":[],"substitutions":[],"pedal":null,"alternate":"","borrowed":"","isRest":false,"recordingEndBeat":null},{"root":6,"beat":13,"duration":4,"type":7,"inversion":0,"applied":0,"adds":[],"omits":[],"alterations":[],"suspensions":[],"substitutions":[],"pedal":null,"alternate":"","borrowed":"","isRest":false,"recordingEndBeat":null},{"root":4,"beat":17,"duration":4,"type":5,"inversion":0,"applied":0,"adds":[],"omits":[],"alterations":[],"suspensions":[],"substitutions":[],"pedal":null,"alternate":"","borrowed":"","isRest":false,"recordingEndBeat":null},{"root":6,"beat":21,"duration":4,"type":5,"inversion":0,"applied":0,"adds":[],"omits":[],"alterations":[],"suspensions":[],"substitutions":[],"pedal":null,"alternate":"","borrowed":"","isRest":false,"recordingEndBeat":null},{"root":3,"beat":25,"duration":4,"type":7,"inversion":0,"applied":0,"adds":[],"omits":[],"alterations":[],"suspensions":[],"substitutions":[],"pedal":null,"alternate":"","borrowed":"","isRest":false,"recordingEndBeat":null},{"root":1,"beat":29,"duration":4,"type":5,"inversion":0,"applied":0,"adds":[],"omits":[],"alterations":[],"suspensions":[],"substitutions":[],"pedal":null,"alternate":"","borrowed":"","isRest":false,"recordingEndBeat":null}],"notes":[{"sd":"4","octave":-1,"beat":3,"duration":0.25,"isRest":false,"recordingEndBeat":null},{"sd":"3","octave":-1,"beat":3.25,"duration":0.25,"isRest":false,"recordingEndBeat":null},{"sd":"5","octave":-1,"beat":3.5,"duration":0.25,"isRest":false,"recordingEndBeat":null},{"sd":"4","octave":-1,"beat":4,"duration":0.25,"isRest":false,"recordingEndBeat":null},{"sd":"3","octave":-1,"beat":4.25,"duration":0.25,"isRest":false,"recordingEndBeat":null},{"sd":"1","octave":-1,"beat":4.5,"duration":0.25,"isRest":false,"recordingEndBeat":null},{"sd":"4","octave":-1,"beat":4.75,"duration":0.25,"isRest":false,"recordingEndBeat":null},{"sd":"5","octave":-1,"beat":5,"duration":0.5,"isRest":false,"recordingEndBeat":null},{"sd":"1","octave":-1,"beat":5.5,"duration":0.5,"isRest":false,"recordingEndBeat":null},{"sd":"3","octave":-1,"beat":7.5,"duration":0.5,"isRest":false,"recordingEndBeat":null},{"sd":"1","octave":-1,"beat":8,"duration":0.25,"isRest":false,"recordingEndBeat":null},{"sd":"5","octave":-1,"beat":10.25,"duration":0.75,"isRest":false,"recordingEndBeat":null},{"sd":"4","octave":-1,"beat":11,"duration":0.25,"isRest":false,"recordingEndBeat":null},{"sd":"3","octave":-1,"beat":11.25,"duration":0.25,"isRest":false,"recordingEndBeat":null},{"sd":"5","octave":-1,"beat":11.5,"duration":0.75,"isRest":false,"recordingEndBeat":null},{"sd":"4","octave":-1,"beat":12.25,"duration":0.25,"isRest":false,"recordingEndBeat":null},{"sd":"3","octave":-1,"beat":12.5,"duration":0.25,"isRest":false,"recordingEndBeat":null},{"sd":"5","octave":-1,"beat":12.75,"duration":0.25,"isRest":false,"recordingEndBeat":null},{"sd":"4","octave":-1,"beat":13,"duration":0.25,"isRest":false,"recordingEndBeat":null},{"sd":"3","octave":-1,"beat":13.25,"duration":0.25,"isRest":false,"recordingEndBeat":null},{"sd":"1","octave":-1,"beat":13.5,"duration":0.25,"isRest":false,"recordingEndBeat":null},{"sd":"4","octave":-1,"beat":15.5,"duration":0.5,"isRest":false,"recordingEndBeat":null},{"sd":"1","octave":-1,"beat":16,"duration":1,"isRest":false,"recordingEndBeat":null},{"sd":"3","octave":-1,"beat":18,"duration":0.25,"isRest":false,"recordingEndBeat":null},{"sd":"4","octave":-1,"beat":18.25,"duration":0.25,"isRest":false,"recordingEndBeat":null},{"sd":"3","octave":-1,"beat":18.5,"duration":0.25,"isRest":false,"recordingEndBeat":null},{"sd":"5","octave":-1,"beat":18.75,"duration":0.75,"isRest":false,"recordingEndBeat":null},{"sd":"3","octave":-1,"beat":19.5,"duration":0.5,"isRest":false,"recordingEndBeat":null},{"sd":"4","octave":-1,"beat":20,"duration":0.25,"isRest":false,"recordingEndBeat":null},{"sd":"4","octave":-1,"beat":20.25,"duration":0.25,"isRest":false,"recordingEndBeat":null},{"sd":"3","octave":-1,"beat":20.5,"duration":0.25,"isRest":false,"recordingEndBeat":null},{"sd":"4","octave":-1,"beat":20.75,"duration":0.25,"isRest":false,"recordingEndBeat":null},{"sd":"5","octave":-1,"beat":21,"duration":0.25,"isRest":false,"recordingEndBeat":null},{"sd":"4","octave":-1,"beat":21.25,"duration":0.25,"isRest":false,"recordingEndBeat":null},{"sd":"3","octave":-1,"beat":21.5,"duration":0.25,"isRest":false,"recordingEndBeat":null},{"sd":"1","octave":-1,"beat":21.75,"duration":0.25,"isRest":false,"recordingEndBeat":null},{"sd":"5","octave":-1,"beat":22.5,"duration":0.25,"isRest":false,"recordingEndBeat":null},{"sd":"4","octave":-1,"beat":22.75,"duration":0.25,"isRest":false,"recordingEndBeat":null},{"sd":"5","octave":-1,"beat":23,"duration":0.5,"isRest":false,"recordingEndBeat":null},{"sd":"4","octave":-1,"beat":24,"duration":0.25,"isRest":false,"recordingEndBeat":null},{"sd":"3","octave":-1,"beat":24.25,"duration":0.25,"isRest":false,"recordingEndBeat":null},{"sd":"5","octave":-1,"beat":24.5,"duration":3.5,"isRest":false,"recordingEndBeat":null},{"sd":"5","octave":-1,"beat":28,"duration":0.25,"isRest":false,"recordingEndBeat":null},{"sd":"7","octave":-1,"beat":28.25,"duration":0.25,"isRest":false,"recordingEndBeat":null},{"sd":"5","octave":-1,"beat":28.5,"duration":0.5,"isRest":false,"recordingEndBeat":null},{"sd":"4","octave":-1,"beat":29,"duration":0.75,"isRest":false,"recordingEndBeat":null},{"sd":"3","octave":-1,"beat":32,"duration":0.5,"isRest":false,"recordingEndBeat":null},{"sd":"7","octave":-2,"beat":32.5,"duration":0.5,"isRest":false,"recordingEndBeat":null}],"keys":[{"beat":1,"scale":"minor","tonic":"A"}],"tempos":[{"beat":1,"bpm":76,"swingFactor":0,"swingBeat":0.5}],"meters":[{"beat":1,"numBeats":4,"beatUnit":1}],"breaks":[],"bands":[{"beat":1,"lead1":[{"mute":false,"octaveOffset":0,"velocity":0.5,"specification":"Piano Lead","midiChannel":1,"useHookpadOutput":true,"useMIDIOutput":true,"solo":false,"wasMutedBeforeSolo":false,"pan":0,"timing":0}],"lead2":[{"mute":false,"octaveOffset":0,"velocity":0.5,"specification":"Piano Lead","midiChannel":2,"useHookpadOutput":true,"useMIDIOutput":true,"solo":false,"wasMutedBeforeSolo":false,"pan":0,"timing":0}],"lead3":[{"mute":false,"octaveOffset":0,"velocity":0.5,"specification":"Piano Lead","midiChannel":3,"useHookpadOutput":true,"useMIDIOutput":true,"solo":false,"wasMutedBeforeSolo":false,"pan":0,"timing":0}],"lead4":[{"mute":false,"octaveOffset":0,"velocity":0.5,"specification":"Piano Lead","midiChannel":4,"useHookpadOutput":true,"useMIDIOutput":true,"solo":false,"wasMutedBeforeSolo":false,"pan":0,"timing":0}],"harmony":[{"octaveOffset":0,"velocity":0.5,"specification":"Piano 1/4s","midiChannel":5,"useHookpadOutput":true,"useMIDIOutput":true,"solo":false,"wasMutedBeforeSolo":false,"pan":0,"timing":0}],"bass":[{"octaveOffset":0,"velocity":0.5,"specification":"Piano Bass-Dotted","midiChannel":9,"useHookpadOutput":true,"useMIDIOutput":false,"solo":false,"wasMutedBeforeSolo":false,"pan":0,"timing":0}],"drums":[{"octaveOffset":0,"velocity":0.5,"specification":"Basic Pop","midiChannel":10,"useHookpadOutput":false,"useMIDIOutput":false,"solo":false,"wasMutedBeforeSolo":false,"pan":0,"timing":0}]}],"lyrics":{"isOpen":false,"isFocused":false,"values":["","","",""],"sectionLyrics":[{"sectionName":"Song","lyrics":["","","",""]}]},"sections":[],"cursor":{"beat":1,"location":"cursor-note-staff"},"settings":{"widthBeat":36,"zoom":1,"youtubeVolume":70,"globalDetune":0,"metronome":false,"relativeNotation":true,"staffMode":"note-staff-mode-collapsed","wrapMode":"wrap-mode-fixed-mreasures-per-line","wrapModeMeasuresPerLine":8,"colorMode":"diatonic-centric","colorTheme":"color-theme-light","showMeasureStaff":true,"showLoopStaff":true,"showNoteStaff":true,"showChordStaff":true,"inactiveMelodyDisplay":"inactive-melody-colored-by-index","showOnlyStableInStaff":false,"midiOutputLatency":0,"compressorValue":0.5,"compressorIsActive":false,"enableExternalMP3":true,"externalMP3URL":"","externalMP3StartBeat":1,"externalMP3Duration":0,"isExternalMP3Loaded":false,"leadTrackNames":["Lead 1","Lead 2","Lead 3","Lead 4"],"playbackTransposition":0},"loopGui":{"looping":false,"beat":1,"duration":16,"loopIndex":-1},"youtube":{"id":"https://www.youtube.com/watch?v=KeKKPjG_C64","syncStart":0.009164366475336954,"syncEnd":0.10711273054846575,"syncMode":"youtube-sync-mode-test"},"keyFrames":[{"beat":1},{"beat":33}],"activeMelodyIndex":0,"endBeat":33,"inactiveNotes":[[],[],[],[]],"visibleMelodies":[0,1,2,3],"soloAndMutedMelodies":{"harmonyVolume":0.7,"externalFileVolume":0.6,"drumsVolume":0.7,"metronomeVolume":0.3,"lead1Volume":0.7,"lead2Volume":0.7,"lead3Volume":0.7,"lead4Volume":0.7,"mute":{"master":false,"harmony":false,"external":false,"drums":false,"metronome":true,"lead1":false,"lead2":false,"lead3":false,"lead4":false,"bass":false},"bassVolume":0.7,"volume":1,"solo":{"harmony":false,"external":false,"drums":false,"metronome":false,"lead1":false,"lead2":false,"lead3":false,"lead4":false,"bass":false},"wasMutedBeforeSoloed":{"harmony":false,"external":false,"drums":false,"metronome":false,"lead1":false,"lead2":false,"lead3":false,"lead4":false,"bass":false}},"FXBypass":{},"customFXParams":{},"customSynthParams":{},"pickup":false,"fp":"8eedc1cb9a1315e25f9f2b9bd45b8bd6fb1b33f6"}