﻿{"version":"2.24.3","chords":[{"root":1,"beat":1,"duration":6,"type":5,"inversion":0,"applied":0,"adds":[],"omits":[],"alterations":[],"suspensions":[],"substitutions":[],"pedal":null,"alternate":"","borrowed":"major","isRest":false,"recordingEndBeat":null},{"root":1,"beat":7,"duration":6,"type":5,"inversion":0,"applied":0,"adds":[],"omits":[],"alterations":[],"suspensions":[],"substitutions":[],"pedal":null,"alternate":"","borrowed":"major","isRest":false,"recordingEndBeat":null},{"root":1,"beat":13,"duration":6,"type":5,"inversion":0,"applied":0,"adds":[],"omits":[],"alterations":[],"suspensions":[],"substitutions":[],"pedal":null,"alternate":"","borrowed":"major","isRest":false,"recordingEndBeat":null},{"root":1,"beat":19,"duration":6,"type":5,"inversion":0,"applied":0,"adds":[],"omits":[],"alterations":[],"suspensions":[],"substitutions":[],"pedal":null,"alternate":"","borrowed":"major","isRest":false,"recordingEndBeat":null},{"root":6,"beat":25,"duration":6,"type":5,"inversion":0,"applied":0,"adds":[],"omits":[],"alterations":[],"suspensions":[],"substitutions":[],"pedal":null,"alternate":"","borrowed":null,"isRest":false,"recordingEndBeat":null},{"root":6,"beat":31,"duration":6,"type":5,"inversion":0,"applied":0,"adds":[],"omits":[],"alterations":[],"suspensions":[],"substitutions":[],"pedal":null,"alternate":"","borrowed":null,"isRest":false,"recordingEndBeat":null},{"root":7,"beat":37,"duration":6,"type":5,"inversion":0,"applied":0,"adds":[],"omits":[],"alterations":[],"suspensions":[],"substitutions":[],"pedal":null,"alternate":"","borrowed":null,"isRest":false,"recordingEndBeat":null},{"root":7,"beat":43,"duration":6,"type":5,"inversion":0,"applied":0,"adds":[],"omits":[],"alterations":[],"suspensions":[],"substitutions":[],"pedal":null,"alternate":"","borrowed":null,"isRest":false,"recordingEndBeat":null},{"root":1,"beat":49,"duration":6,"type":5,"inversion":0,"applied":0,"adds":[],"omits":[],"alterations":[],"suspensions":[],"substitutions":[],"pedal":null,"alternate":"","borrowed":"major","isRest":false,"recordingEndBeat":null},{"root":1,"beat":55,"duration":6,"type":5,"inversion":0,"applied":0,"adds":[],"omits":[],"alterations":[],"suspensions":[],"substitutions":[],"pedal":null,"alternate":"","borrowed":"major","isRest":false,"recordingEndBeat":null},{"root":1,"beat":61,"duration":6,"type":5,"inversion":0,"applied":0,"adds":[],"omits":[],"alterations":[],"suspensions":[],"substitutions":[],"pedal":null,"alternate":"","borrowed":"major","isRest":false,"recordingEndBeat":null},{"root":1,"beat":67,"duration":6,"type":5,"inversion":0,"applied":0,"adds":[],"omits":[],"alterations":[],"suspensions":[],"substitutions":[],"pedal":null,"alternate":"","borrowed":"major","isRest":false,"recordingEndBeat":null},{"root":3,"beat":73,"duration":6,"type":5,"inversion":0,"applied":0,"adds":[],"omits":[],"alterations":[],"suspensions":[],"substitutions":[],"pedal":null,"alternate":"","borrowed":null,"isRest":false,"recordingEndBeat":null},{"root":3,"beat":79,"duration":6,"type":5,"inversion":0,"applied":0,"adds":[],"omits":[],"alterations":[],"suspensions":[],"substitutions":[],"pedal":null,"alternate":"","borrowed":null,"isRest":false,"recordingEndBeat":null},{"root":2,"beat":85,"duration":6,"type":5,"inversion":0,"applied":0,"adds":[],"omits":[],"alterations":[],"suspensions":[],"substitutions":[],"pedal":null,"alternate":"","borrowed":"major","isRest":false,"recordingEndBeat":null},{"root":6,"beat":91,"duration":3,"type":5,"inversion":0,"applied":0,"adds":[],"omits":[],"alterations":[],"suspensions":[],"substitutions":[],"pedal":null,"alternate":"","borrowed":null,"isRest":false,"recordingEndBeat":null},{"root":7,"beat":94,"duration":3,"type":5,"inversion":0,"applied":0,"adds":[],"omits":[],"alterations":[],"suspensions":[],"substitutions":[],"pedal":null,"alternate":"","borrowed":null,"isRest":false,"recordingEndBeat":null}],"notes":[{"sd":"1","octave":0,"beat":1,"duration":6,"isRest":true,"recordingEndBeat":null},{"sd":"1","octave":0,"beat":7,"duration":6,"isRest":true,"recordingEndBeat":null},{"sd":"1","octave":0,"beat":13,"duration":6,"isRest":true,"recordingEndBeat":null},{"sd":"1","octave":0,"beat":19,"duration":3,"isRest":true,"recordingEndBeat":null},{"sd":"1","octave":0,"beat":22,"duration":3,"isRest":false,"recordingEndBeat":null},{"sd":"1","octave":0,"beat":25,"duration":1.5,"isRest":false,"recordingEndBeat":null},{"sd":"7","octave":-1,"beat":26.5,"duration":0.75,"isRest":false,"recordingEndBeat":null},{"sd":"7","octave":-1,"beat":27.25,"duration":1.75,"isRest":false,"recordingEndBeat":null},{"sd":"7","octave":-1,"beat":29,"duration":2,"isRest":false,"recordingEndBeat":null},{"sd":"7","octave":-1,"beat":31,"duration":2.5,"isRest":false,"recordingEndBeat":null},{"sd":"7","octave":-1,"beat":33.5,"duration":2,"isRest":false,"recordingEndBeat":null},{"sd":"1","octave":0,"beat":35.5,"duration":2.5,"isRest":false,"recordingEndBeat":null},{"sd":"7","octave":-1,"beat":38,"duration":3,"isRest":false,"recordingEndBeat":null},{"sd":"7","octave":-1,"beat":41,"duration":1,"isRest":false,"recordingEndBeat":null},{"sd":"7","octave":-1,"beat":42,"duration":4,"isRest":false,"recordingEndBeat":null},{"sd":"1","octave":0,"beat":46,"duration":1,"isRest":false,"recordingEndBeat":null},{"sd":"#3","octave":0,"beat":47,"duration":2,"isRest":false,"recordingEndBeat":null},{"sd":"2","octave":0,"beat":49,"duration":10,"isRest":false,"recordingEndBeat":null},{"sd":"2","octave":0,"beat":59,"duration":1,"isRest":false,"recordingEndBeat":null},{"sd":"1","octave":0,"beat":60,"duration":7,"isRest":false,"recordingEndBeat":null},{"sd":"1","octave":0,"beat":67,"duration":3,"isRest":true,"recordingEndBeat":null},{"sd":"1","octave":0,"beat":70,"duration":2,"isRest":false,"recordingEndBeat":null},{"sd":"1","octave":0,"beat":72,"duration":2,"isRest":false,"recordingEndBeat":null},{"sd":"7","octave":-1,"beat":74,"duration":2.5,"isRest":false,"recordingEndBeat":null},{"sd":"7","octave":-1,"beat":76.5,"duration":2,"isRest":false,"recordingEndBeat":null},{"sd":"7","octave":-1,"beat":78.5,"duration":2.5,"isRest":false,"recordingEndBeat":null},{"sd":"7","octave":-1,"beat":81,"duration":2.5,"isRest":false,"recordingEndBeat":null},{"sd":"7","octave":-1,"beat":83.5,"duration":2.5,"isRest":false,"recordingEndBeat":null},{"sd":"7","octave":-1,"beat":86,"duration":1.5,"isRest":false,"recordingEndBeat":null},{"sd":"7","octave":-1,"beat":87.5,"duration":2,"isRest":false,"recordingEndBeat":null},{"sd":"7","octave":-1,"beat":89.5,"duration":3.5,"isRest":false,"recordingEndBeat":null},{"sd":"1","octave":0,"beat":93,"duration":4,"isRest":true,"recordingEndBeat":null}],"keys":[{"beat":1,"scale":"minor","tonic":"E"}],"tempos":[{"beat":1,"bpm":232,"swingFactor":0,"swingBeat":0.5}],"meters":[{"beat":1,"numBeats":6,"beatUnit":1}],"breaks":[],"bands":[{"beat":1,"lead1":[{"mute":false,"octaveOffset":0,"velocity":0.8,"specification":"Piano Lead","midiChannel":1,"useHookpadOutput":true,"useMIDIOutput":true,"solo":false,"wasMutedBeforeSolo":false,"pan":0,"timing":0}],"lead2":[{"mute":false,"specification":"Piano Lead","midiChannel":2,"useHookpadOutput":true,"useMIDIOutput":true,"solo":false,"wasMutedBeforeSolo":false,"pan":0,"timing":0}],"lead3":[{"mute":false,"specification":"Piano Lead","midiChannel":3,"useHookpadOutput":true,"useMIDIOutput":true,"solo":false,"wasMutedBeforeSolo":false,"pan":0,"timing":0}],"lead4":[{"mute":false,"specification":"Piano Lead","midiChannel":4,"useHookpadOutput":true,"useMIDIOutput":true,"solo":false,"wasMutedBeforeSolo":false,"pan":0,"timing":0}],"harmony":[{"octaveOffset":0,"velocity":0.8,"specification":"Piano 1/4s","midiChannel":5,"useHookpadOutput":true,"useMIDIOutput":true,"solo":false,"wasMutedBeforeSolo":false,"pan":0,"timing":0}],"bass":[{"octaveOffset":0,"velocity":0.8,"specification":"Piano Bass-Dotted","midiChannel":9,"useHookpadOutput":true,"useMIDIOutput":false,"solo":false,"wasMutedBeforeSolo":false,"pan":0,"timing":0}],"drums":[{"octaveOffset":0,"velocity":0,"specification":"Basic Pop 22","midiChannel":10,"useHookpadOutput":true,"useMIDIOutput":true,"solo":false,"wasMutedBeforeSolo":false,"pan":0,"timing":0}]}],"lyrics":{"isOpen":false,"isFocused":false,"rerender":0.2367986917469701,"values":["","","",""],"sectionLyrics":[{"sectionName":"Song","lyrics":["","","",""]}]},"sections":[],"cursor":{"beat":1,"location":"cursor-chord-staff"},"settings":{"widthBeat":36,"zoom":1,"youtubeVolume":70,"globalDetune":0,"metronome":false,"relativeNotation":true,"staffMode":"note-staff-mode-collapsed","wrapMode":"wrap-mode-fixed-mreasures-per-line","wrapModeMeasuresPerLine":8,"colorMode":"diatonic-centric","showMeasureStaff":true,"showLoopStaff":true,"showNoteStaff":true,"showChordStaff":true,"inactiveMelodyDisplay":"inactive-melody-colored-by-index","showOnlyStableInStaff":false,"midiOutputLatency":0,"compressorValue":0.5,"compressorIsActive":false,"enableExternalMP3":true,"externalMP3URL":"","externalMP3StartBeat":1,"externalMP3Duration":0,"isExternalMP3Loaded":false,"leadTrackNames":["Lead 1","Lead 2","Lead 3","Lead 4"],"playbackTransposition":0},"loopGui":{"looping":false,"beat":1,"duration":16},"youtube":{"id":"gdwR8BxDuNY","syncStart":0.6567043221073919,"syncEnd":0.703435948511897,"syncMode":"youtube-sync-mode-test"},"keyFrames":[{"beat":1},{"beat":97}],"activeMelodyIndex":0,"endBeat":97,"inactiveNotes":[[{"sd":"1","octave":0,"beat":1,"duration":6,"isRest":true,"recordingEndBeat":null},{"sd":"1","octave":0,"beat":7,"duration":6,"isRest":true,"recordingEndBeat":null},{"sd":"1","octave":0,"beat":13,"duration":6,"isRest":true,"recordingEndBeat":null},{"sd":"1","octave":0,"beat":19,"duration":3,"isRest":true,"recordingEndBeat":null},{"sd":"1","octave":0,"beat":22,"duration":3,"isRest":false,"recordingEndBeat":null},{"sd":"1","octave":0,"beat":25,"duration":1.5,"isRest":false,"recordingEndBeat":null},{"sd":"7","octave":-1,"beat":26.5,"duration":0.75,"isRest":false,"recordingEndBeat":null},{"sd":"7","octave":-1,"beat":27.25,"duration":1.75,"isRest":false,"recordingEndBeat":null},{"sd":"7","octave":-1,"beat":29,"duration":2,"isRest":false,"recordingEndBeat":null},{"sd":"7","octave":-1,"beat":31,"duration":2.5,"isRest":false,"recordingEndBeat":null},{"sd":"7","octave":-1,"beat":33.5,"duration":2,"isRest":false,"recordingEndBeat":null},{"sd":"1","octave":0,"beat":35.5,"duration":2.5,"isRest":false,"recordingEndBeat":null},{"sd":"7","octave":-1,"beat":38,"duration":3,"isRest":false,"recordingEndBeat":null},{"sd":"7","octave":-1,"beat":41,"duration":1,"isRest":false,"recordingEndBeat":null},{"sd":"7","octave":-1,"beat":42,"duration":4,"isRest":false,"recordingEndBeat":null},{"sd":"1","octave":0,"beat":46,"duration":1,"isRest":false,"recordingEndBeat":null},{"sd":"#3","octave":0,"beat":47,"duration":2,"isRest":false,"recordingEndBeat":null},{"sd":"2","octave":0,"beat":49,"duration":10,"isRest":false,"recordingEndBeat":null},{"sd":"2","octave":0,"beat":59,"duration":1,"isRest":false,"recordingEndBeat":null},{"sd":"1","octave":0,"beat":60,"duration":7,"isRest":false,"recordingEndBeat":null},{"sd":"1","octave":0,"beat":67,"duration":3,"isRest":true,"recordingEndBeat":null},{"sd":"1","octave":0,"beat":70,"duration":2,"isRest":false,"recordingEndBeat":null},{"sd":"1","octave":0,"beat":72,"duration":2,"isRest":false,"recordingEndBeat":null},{"sd":"7","octave":-1,"beat":74,"duration":2.5,"isRest":false,"recordingEndBeat":null},{"sd":"7","octave":-1,"beat":76.5,"duration":2,"isRest":false,"recordingEndBeat":null},{"sd":"7","octave":-1,"beat":78.5,"duration":2.5,"isRest":false,"recordingEndBeat":null},{"sd":"7","octave":-1,"beat":81,"duration":2.5,"isRest":false,"recordingEndBeat":null},{"sd":"7","octave":-1,"beat":83.5,"duration":2.5,"isRest":false,"recordingEndBeat":null},{"sd":"7","octave":-1,"beat":86,"duration":1.5,"isRest":false,"recordingEndBeat":null},{"sd":"7","octave":-1,"beat":87.5,"duration":2,"isRest":false,"recordingEndBeat":null},{"sd":"7","octave":-1,"beat":89.5,"duration":3.5,"isRest":false,"recordingEndBeat":null},{"sd":"1","octave":0,"beat":93,"duration":4,"isRest":true,"recordingEndBeat":null}],[],[],[]],"visibleMelodies":[0,1,2,3],"soloAndMutedMelodies":{"harmonyVolume":0.7,"externalFileVolume":0.6,"drumsVolume":0.7,"metronomeVolume":0.3,"lead1Volume":0.7,"lead2Volume":0.7,"lead3Volume":0.7,"lead4Volume":0.7,"mute":{"master":false,"harmony":false,"external":false,"drums":false,"metronome":true,"lead1":false,"lead2":false,"lead3":false,"lead4":false,"bass":false},"bassVolume":0.7,"volume":1,"solo":{"harmony":false,"external":false,"drums":false,"metronome":false,"lead1":false,"lead2":false,"lead3":false,"lead4":false,"bass":false},"wasMutedBeforeSoloed":{"harmony":false,"external":false,"drums":false,"metronome":false,"lead1":false,"lead2":false,"lead3":false,"lead4":false,"bass":false}},"FXBypass":{},"customFXParams":{},"customSynthParams":{},"pickup":false,"fp":"3b775eb14f78fbb070560092940c25046ef62ed2"}