﻿{"version":"2.24.3","chords":[{"root":1,"beat":1,"duration":6,"type":5,"inversion":0,"applied":0,"adds":[9],"omits":[],"alterations":[],"suspensions":[],"substitutions":[],"pedal":null,"alternate":"","borrowed":"","isRest":false,"recordingEndBeat":null},{"root":6,"beat":7,"duration":6,"type":5,"inversion":0,"applied":0,"adds":[],"omits":[],"alterations":[],"suspensions":[],"substitutions":[],"pedal":null,"alternate":"","borrowed":"","isRest":false,"recordingEndBeat":null},{"root":2,"beat":13,"duration":6,"type":5,"inversion":0,"applied":0,"adds":[],"omits":[],"alterations":[],"suspensions":[],"substitutions":[],"pedal":null,"alternate":"","borrowed":[-1,1,3,4,6,8,9],"isRest":false,"recordingEndBeat":null},{"root":4,"beat":19,"duration":6,"type":5,"inversion":0,"applied":0,"adds":[],"omits":[],"alterations":[],"suspensions":[],"substitutions":[],"pedal":null,"alternate":"","borrowed":"","isRest":false,"recordingEndBeat":null},{"root":1,"beat":25,"duration":6,"type":5,"inversion":0,"applied":0,"adds":[],"omits":[],"alterations":[],"suspensions":[],"substitutions":[],"pedal":null,"alternate":"","borrowed":"","isRest":false,"recordingEndBeat":null},{"root":6,"beat":31,"duration":6,"type":5,"inversion":0,"applied":0,"adds":[],"omits":[],"alterations":[],"suspensions":[],"substitutions":[],"pedal":null,"alternate":"","borrowed":"","isRest":false,"recordingEndBeat":null},{"root":2,"beat":37,"duration":3,"type":7,"inversion":0,"applied":0,"adds":[],"omits":[],"alterations":[],"suspensions":[],"substitutions":[],"pedal":null,"alternate":"","borrowed":"locrian","isRest":false,"recordingEndBeat":null},{"root":2,"beat":40,"duration":3,"type":7,"inversion":0,"applied":0,"adds":[],"omits":[],"alterations":[],"suspensions":[],"substitutions":[],"pedal":null,"alternate":"","borrowed":[0,1,3,4,6,8,9],"isRest":false,"recordingEndBeat":null},{"root":6,"beat":43,"duration":4,"type":5,"inversion":0,"applied":0,"adds":[],"omits":[],"alterations":[],"suspensions":[],"substitutions":[],"pedal":null,"alternate":"","borrowed":"","isRest":false,"recordingEndBeat":null}],"notes":[{"sd":"1","octave":0,"beat":1,"duration":2,"isRest":false,"recordingEndBeat":null},{"sd":"5","octave":-1,"beat":3,"duration":1,"isRest":false,"recordingEndBeat":null},{"sd":"2","octave":0,"beat":4,"duration":1,"isRest":false,"recordingEndBeat":null},{"sd":"3","octave":0,"beat":5,"duration":1.5,"isRest":false,"recordingEndBeat":null},{"sd":"4","octave":0,"beat":6.5,"duration":0.5,"isRest":false,"recordingEndBeat":null},{"sd":"5","octave":0,"beat":7,"duration":3,"isRest":false,"recordingEndBeat":null},{"sd":"1","octave":0,"beat":10,"duration":3,"isRest":false,"recordingEndBeat":null},{"sd":"#3","octave":0,"beat":13,"duration":3,"isRest":false,"recordingEndBeat":null},{"sd":"3","octave":0,"beat":16,"duration":1,"isRest":false,"recordingEndBeat":null},{"sd":"6","octave":-1,"beat":17,"duration":1.5,"isRest":false,"recordingEndBeat":null},{"sd":"7","octave":-1,"beat":18.5,"duration":0.5,"isRest":false,"recordingEndBeat":null},{"sd":"1","octave":0,"beat":19,"duration":6,"isRest":false,"recordingEndBeat":null},{"sd":"1","octave":0,"beat":25,"duration":2,"isRest":false,"recordingEndBeat":null},{"sd":"5","octave":-1,"beat":27,"duration":1,"isRest":false,"recordingEndBeat":null},{"sd":"2","octave":0,"beat":28,"duration":1,"isRest":false,"recordingEndBeat":null},{"sd":"3","octave":0,"beat":29,"duration":1.5,"isRest":false,"recordingEndBeat":null},{"sd":"4","octave":0,"beat":30.5,"duration":0.5,"isRest":false,"recordingEndBeat":null},{"sd":"5","octave":0,"beat":31,"duration":3,"isRest":false,"recordingEndBeat":null},{"sd":"1","octave":0,"beat":34,"duration":1,"isRest":false,"recordingEndBeat":null},{"sd":"6","octave":0,"beat":35,"duration":1.5,"isRest":false,"recordingEndBeat":null},{"sd":"5","octave":0,"beat":36.5,"duration":0.5,"isRest":false,"recordingEndBeat":null},{"sd":"4","octave":0,"beat":37,"duration":3,"isRest":false,"recordingEndBeat":null},{"sd":"5","octave":0,"beat":40,"duration":1,"isRest":false,"recordingEndBeat":null},{"sd":"6","octave":0,"beat":41,"duration":1.5,"isRest":false,"recordingEndBeat":null},{"sd":"7","octave":0,"beat":42.5,"duration":0.5,"isRest":false,"recordingEndBeat":null},{"sd":"1","octave":1,"beat":43,"duration":4,"isRest":false,"recordingEndBeat":null}],"keys":[{"beat":1,"scale":"minor","tonic":"C"}],"tempos":[{"beat":1,"bpm":120,"swingFactor":0,"swingBeat":0.5}],"meters":[{"beat":1,"numBeats":6,"beatUnit":1}],"breaks":[],"bands":[{"beat":1,"lead1":[{"mute":false,"octaveOffset":0,"velocity":0.5,"specification":"Piano Lead","midiChannel":1,"useHookpadOutput":true,"useMIDIOutput":true,"solo":false,"wasMutedBeforeSolo":false,"pan":0,"timing":0}],"lead2":[{"mute":false,"octaveOffset":0,"velocity":0.5,"specification":"Piano Lead","midiChannel":2,"useHookpadOutput":true,"useMIDIOutput":true,"solo":false,"wasMutedBeforeSolo":false,"pan":0,"timing":0}],"lead3":[{"mute":false,"octaveOffset":0,"velocity":0.5,"specification":"Piano Lead","midiChannel":3,"useHookpadOutput":true,"useMIDIOutput":true,"solo":false,"wasMutedBeforeSolo":false,"pan":0,"timing":0}],"lead4":[{"mute":false,"octaveOffset":0,"velocity":0.5,"specification":"Piano Lead","midiChannel":4,"useHookpadOutput":true,"useMIDIOutput":true,"solo":false,"wasMutedBeforeSolo":false,"pan":0,"timing":0}],"harmony":[{"octaveOffset":0,"velocity":0.5,"specification":"Piano 1/4s","midiChannel":5,"useHookpadOutput":true,"useMIDIOutput":true,"solo":false,"wasMutedBeforeSolo":false,"pan":0,"timing":0}],"bass":[{"octaveOffset":0,"velocity":0.5,"specification":"Piano Bass-Dotted","midiChannel":9,"useHookpadOutput":true,"useMIDIOutput":false,"solo":false,"wasMutedBeforeSolo":false,"pan":0,"timing":0}],"drums":[{"octaveOffset":0,"velocity":0.5,"specification":"Basic Pop","midiChannel":10,"useHookpadOutput":false,"useMIDIOutput":false,"solo":false,"wasMutedBeforeSolo":false,"pan":0,"timing":0}]}],"lyrics":{"isOpen":false,"isFocused":false,"values":["","","",""],"sectionLyrics":[{"sectionName":"Song","lyrics":["","","",""]}]},"sections":[],"cursor":{"beat":1,"location":"cursor-chord-staff"},"settings":{"widthBeat":36,"zoom":1,"youtubeVolume":70,"globalDetune":0,"metronome":false,"relativeNotation":true,"staffMode":"note-staff-mode-collapsed","wrapMode":"wrap-mode-fixed-mreasures-per-line","wrapModeMeasuresPerLine":8,"colorMode":"diatonic-centric","colorTheme":"color-theme-light","showMeasureStaff":true,"showLoopStaff":true,"showNoteStaff":true,"showChordStaff":true,"inactiveMelodyDisplay":"inactive-melody-colored-by-index","showOnlyStableInStaff":false,"midiOutputLatency":0,"compressorValue":0.5,"compressorIsActive":false,"enableExternalMP3":true,"externalMP3URL":"","externalMP3StartBeat":1,"externalMP3Duration":0,"isExternalMP3Loaded":false,"leadTrackNames":["Lead 1","Lead 2","Lead 3","Lead 4"],"playbackTransposition":0},"loopGui":{"looping":false,"beat":1,"duration":16,"loopIndex":-1},"youtube":{"id":"tI_SMxvXJhw","syncStart":0.5424195293933386,"syncEnd":0.8136781495129815,"syncMode":"youtube-sync-mode-test"},"keyFrames":[{"beat":1},{"beat":49}],"activeMelodyIndex":0,"endBeat":49,"inactiveNotes":[[{"sd":"1","octave":0,"beat":1,"duration":2,"isRest":false,"recordingEndBeat":null},{"sd":"5","octave":-1,"beat":3,"duration":1,"isRest":false,"recordingEndBeat":null},{"sd":"2","octave":0,"beat":4,"duration":1,"isRest":false,"recordingEndBeat":null},{"sd":"3","octave":0,"beat":5,"duration":1.5,"isRest":false,"recordingEndBeat":null},{"sd":"4","octave":0,"beat":6.5,"duration":0.5,"isRest":false,"recordingEndBeat":null},{"sd":"5","octave":0,"beat":7,"duration":3,"isRest":false,"recordingEndBeat":null},{"sd":"1","octave":0,"beat":10,"duration":3,"isRest":false,"recordingEndBeat":null},{"sd":"#3","octave":0,"beat":13,"duration":3,"isRest":false,"recordingEndBeat":null},{"sd":"3","octave":0,"beat":16,"duration":1,"isRest":false,"recordingEndBeat":null},{"sd":"6","octave":-1,"beat":17,"duration":1.5,"isRest":false,"recordingEndBeat":null},{"sd":"7","octave":-1,"beat":18.5,"duration":0.5,"isRest":false,"recordingEndBeat":null},{"sd":"1","octave":0,"beat":19,"duration":6,"isRest":false,"recordingEndBeat":null},{"sd":"1","octave":0,"beat":25,"duration":2,"isRest":false,"recordingEndBeat":null},{"sd":"5","octave":-1,"beat":27,"duration":1,"isRest":false,"recordingEndBeat":null},{"sd":"2","octave":0,"beat":28,"duration":1,"isRest":false,"recordingEndBeat":null},{"sd":"3","octave":0,"beat":29,"duration":1.5,"isRest":false,"recordingEndBeat":null},{"sd":"4","octave":0,"beat":30.5,"duration":0.5,"isRest":false,"recordingEndBeat":null},{"sd":"5","octave":0,"beat":31,"duration":3,"isRest":false,"recordingEndBeat":null},{"sd":"1","octave":0,"beat":34,"duration":1,"isRest":false,"recordingEndBeat":null},{"sd":"6","octave":0,"beat":35,"duration":1.5,"isRest":false,"recordingEndBeat":null},{"sd":"5","octave":0,"beat":36.5,"duration":0.5,"isRest":false,"recordingEndBeat":null},{"sd":"4","octave":0,"beat":37,"duration":3,"isRest":false,"recordingEndBeat":null},{"sd":"5","octave":0,"beat":40,"duration":1,"isRest":false,"recordingEndBeat":null},{"sd":"6","octave":0,"beat":41,"duration":1.5,"isRest":false,"recordingEndBeat":null},{"sd":"7","octave":0,"beat":42.5,"duration":0.5,"isRest":false,"recordingEndBeat":null},{"sd":"1","octave":1,"beat":43,"duration":4,"isRest":false,"recordingEndBeat":null}],[],[],[]],"visibleMelodies":[0,1,2,3],"soloAndMutedMelodies":{"harmonyVolume":0.7,"externalFileVolume":0.6,"drumsVolume":0.7,"metronomeVolume":0.3,"lead1Volume":0.7,"lead2Volume":0.7,"lead3Volume":0.7,"lead4Volume":0.7,"mute":{"master":false,"harmony":false,"external":false,"drums":false,"metronome":true,"lead1":false,"lead2":false,"lead3":false,"lead4":false,"bass":false},"bassVolume":0.7,"volume":1,"solo":{"harmony":false,"external":false,"drums":false,"metronome":false,"lead1":false,"lead2":false,"lead3":false,"lead4":false,"bass":false},"wasMutedBeforeSoloed":{"harmony":false,"external":false,"drums":false,"metronome":false,"lead1":false,"lead2":false,"lead3":false,"lead4":false,"bass":false}},"FXBypass":{},"customFXParams":{},"customSynthParams":{},"pickup":false,"fp":"66088a62834a4654494ac23c4071325f17347fd8"}