﻿{"version":"2.24.3","chords":[{"root":5,"beat":1,"duration":4,"type":5,"inversion":0,"applied":0,"adds":[],"omits":[],"alterations":[],"suspensions":[],"substitutions":[],"pedal":null,"alternate":"","borrowed":"","isRest":false,"recordingEndBeat":null},{"root":5,"beat":5,"duration":4,"type":5,"inversion":0,"applied":0,"adds":[],"omits":[],"alterations":[],"suspensions":[],"substitutions":[],"pedal":null,"alternate":"","borrowed":"","isRest":false,"recordingEndBeat":null},{"root":1,"beat":9,"duration":4,"type":5,"inversion":0,"applied":0,"adds":[9],"omits":[],"alterations":[],"suspensions":[],"substitutions":[],"pedal":null,"alternate":"","borrowed":"","isRest":false,"recordingEndBeat":null},{"root":1,"beat":13,"duration":4,"type":5,"inversion":0,"applied":0,"adds":[9],"omits":[],"alterations":[],"suspensions":[],"substitutions":[],"pedal":null,"alternate":"","borrowed":"","isRest":false,"recordingEndBeat":null},{"root":5,"beat":17,"duration":4,"type":5,"inversion":0,"applied":0,"adds":[],"omits":[],"alterations":[],"suspensions":[],"substitutions":[],"pedal":null,"alternate":"","borrowed":"","isRest":false,"recordingEndBeat":null},{"root":5,"beat":21,"duration":4,"type":5,"inversion":0,"applied":0,"adds":[],"omits":[],"alterations":[],"suspensions":[],"substitutions":[],"pedal":null,"alternate":"","borrowed":"","isRest":false,"recordingEndBeat":null},{"root":1,"beat":25,"duration":4,"type":5,"inversion":0,"applied":0,"adds":[9],"omits":[],"alterations":[],"suspensions":[],"substitutions":[],"pedal":null,"alternate":"","borrowed":"","isRest":false,"recordingEndBeat":null},{"root":6,"beat":29,"duration":4,"type":5,"inversion":0,"applied":0,"adds":[],"omits":[],"alterations":[],"suspensions":[],"substitutions":[],"pedal":null,"alternate":"","borrowed":"","isRest":false,"recordingEndBeat":null},{"root":1,"beat":33,"duration":4,"type":5,"inversion":0,"applied":0,"adds":[],"omits":[],"alterations":[],"suspensions":[],"substitutions":[],"pedal":null,"alternate":"","borrowed":"","isRest":false,"recordingEndBeat":null},{"root":6,"beat":37,"duration":4,"type":5,"inversion":0,"applied":0,"adds":[],"omits":[],"alterations":[],"suspensions":[],"substitutions":[],"pedal":null,"alternate":"","borrowed":"","isRest":false,"recordingEndBeat":null},{"root":1,"beat":41,"duration":4,"type":5,"inversion":0,"applied":0,"adds":[],"omits":[],"alterations":[],"suspensions":[],"substitutions":[],"pedal":null,"alternate":"","borrowed":"","isRest":false,"recordingEndBeat":null},{"root":5,"beat":45,"duration":4,"type":5,"inversion":0,"applied":0,"adds":[],"omits":[],"alterations":[],"suspensions":[],"substitutions":[],"pedal":null,"alternate":"","borrowed":"","isRest":false,"recordingEndBeat":null},{"root":5,"beat":49,"duration":4,"type":5,"inversion":0,"applied":0,"adds":[],"omits":[],"alterations":[],"suspensions":[],"substitutions":[],"pedal":null,"alternate":"","borrowed":"","isRest":false,"recordingEndBeat":null},{"root":1,"beat":53,"duration":4,"type":5,"inversion":0,"applied":0,"adds":[9],"omits":[],"alterations":[],"suspensions":[],"substitutions":[],"pedal":null,"alternate":"","borrowed":"","isRest":false,"recordingEndBeat":null},{"root":5,"beat":57,"duration":4,"type":5,"inversion":0,"applied":0,"adds":[],"omits":[],"alterations":[],"suspensions":[],"substitutions":[],"pedal":null,"alternate":"","borrowed":"","isRest":false,"recordingEndBeat":null},{"root":5,"beat":61,"duration":4,"type":5,"inversion":0,"applied":0,"adds":[],"omits":[],"alterations":[],"suspensions":[],"substitutions":[],"pedal":null,"alternate":"","borrowed":"","isRest":false,"recordingEndBeat":null},{"root":1,"beat":65,"duration":4,"type":5,"inversion":0,"applied":0,"adds":[9],"omits":[],"alterations":[],"suspensions":[],"substitutions":[],"pedal":null,"alternate":"","borrowed":"","isRest":false,"recordingEndBeat":null},{"root":5,"beat":69,"duration":4,"type":5,"inversion":0,"applied":0,"adds":[],"omits":[],"alterations":[],"suspensions":[],"substitutions":[],"pedal":null,"alternate":"","borrowed":"","isRest":false,"recordingEndBeat":null},{"root":5,"beat":73,"duration":4,"type":5,"inversion":0,"applied":0,"adds":[],"omits":[],"alterations":[],"suspensions":[],"substitutions":[],"pedal":null,"alternate":"","borrowed":"","isRest":false,"recordingEndBeat":null},{"root":1,"beat":77,"duration":4,"type":5,"inversion":0,"applied":0,"adds":[9],"omits":[],"alterations":[],"suspensions":[],"substitutions":[],"pedal":null,"alternate":"","borrowed":"","isRest":false,"recordingEndBeat":null},{"root":6,"beat":81,"duration":4,"type":5,"inversion":0,"applied":0,"adds":[],"omits":[],"alterations":[],"suspensions":[],"substitutions":[],"pedal":null,"alternate":"","borrowed":"","isRest":false,"recordingEndBeat":null},{"root":1,"beat":85,"duration":4,"type":5,"inversion":0,"applied":0,"adds":[],"omits":[],"alterations":[],"suspensions":[],"substitutions":[],"pedal":null,"alternate":"","borrowed":"","isRest":false,"recordingEndBeat":null},{"root":6,"beat":89,"duration":4,"type":5,"inversion":0,"applied":0,"adds":[],"omits":[],"alterations":[],"suspensions":[],"substitutions":[],"pedal":null,"alternate":"","borrowed":"","isRest":false,"recordingEndBeat":null},{"root":1,"beat":93,"duration":4,"type":5,"inversion":0,"applied":0,"adds":[],"omits":[],"alterations":[],"suspensions":[],"substitutions":[],"pedal":null,"alternate":"","borrowed":"","isRest":false,"recordingEndBeat":null},{"root":5,"beat":97,"duration":4,"type":5,"inversion":0,"applied":0,"adds":[],"omits":[],"alterations":[],"suspensions":[],"substitutions":[],"pedal":null,"alternate":"","borrowed":"","isRest":false,"recordingEndBeat":null},{"root":5,"beat":101,"duration":4,"type":5,"inversion":0,"applied":0,"adds":[],"omits":[],"alterations":[],"suspensions":[],"substitutions":[],"pedal":null,"alternate":"","borrowed":"","isRest":false,"recordingEndBeat":null},{"root":1,"beat":105,"duration":4,"type":5,"inversion":0,"applied":0,"adds":[9],"omits":[],"alterations":[],"suspensions":[],"substitutions":[],"pedal":null,"alternate":"","borrowed":"","isRest":false,"recordingEndBeat":null},{"root":6,"beat":109,"duration":4,"type":5,"inversion":0,"applied":0,"adds":[],"omits":[],"alterations":[],"suspensions":[],"substitutions":[],"pedal":null,"alternate":"","borrowed":"","isRest":false,"recordingEndBeat":null},{"root":1,"beat":113,"duration":4,"type":5,"inversion":0,"applied":0,"adds":[],"omits":[],"alterations":[],"suspensions":[],"substitutions":[],"pedal":null,"alternate":"","borrowed":"","isRest":false,"recordingEndBeat":null},{"root":6,"beat":117,"duration":4,"type":5,"inversion":0,"applied":0,"adds":[],"omits":[],"alterations":[],"suspensions":[],"substitutions":[],"pedal":null,"alternate":"","borrowed":"","isRest":false,"recordingEndBeat":null},{"root":1,"beat":121,"duration":4,"type":5,"inversion":0,"applied":0,"adds":[],"omits":[],"alterations":[],"suspensions":[],"substitutions":[],"pedal":null,"alternate":"","borrowed":"","isRest":false,"recordingEndBeat":null},{"root":2,"beat":125,"duration":4,"type":5,"inversion":0,"applied":0,"adds":[],"omits":[],"alterations":[],"suspensions":[],"substitutions":[],"pedal":null,"alternate":"","borrowed":"","isRest":false,"recordingEndBeat":null},{"root":1,"beat":129,"duration":4,"type":5,"inversion":0,"applied":0,"adds":[],"omits":[],"alterations":[],"suspensions":[],"substitutions":[],"pedal":null,"alternate":"","borrowed":"","isRest":false,"recordingEndBeat":null},{"root":5,"beat":133,"duration":4,"type":5,"inversion":0,"applied":0,"adds":[],"omits":[],"alterations":[],"suspensions":[],"substitutions":[],"pedal":null,"alternate":"","borrowed":"","isRest":false,"recordingEndBeat":null},{"root":2,"beat":137,"duration":4,"type":5,"inversion":0,"applied":0,"adds":[],"omits":[],"alterations":[],"suspensions":[],"substitutions":[],"pedal":null,"alternate":"","borrowed":"","isRest":false,"recordingEndBeat":null},{"root":5,"beat":141,"duration":4,"type":5,"inversion":0,"applied":0,"adds":[],"omits":[],"alterations":[],"suspensions":[],"substitutions":[],"pedal":null,"alternate":"","borrowed":"","isRest":false,"recordingEndBeat":null}],"notes":[{"sd":"1","octave":0,"beat":1,"duration":4,"isRest":true,"recordingEndBeat":null},{"sd":"7","octave":-1,"beat":5,"duration":2,"isRest":false,"recordingEndBeat":null},{"sd":"6","octave":-1,"beat":7,"duration":2,"isRest":false,"recordingEndBeat":null},{"sd":"7","octave":-1,"beat":9,"duration":2,"isRest":false,"recordingEndBeat":null},{"sd":"7","octave":-1,"beat":11,"duration":2,"isRest":false,"recordingEndBeat":null},{"sd":"7","octave":-1,"beat":13,"duration":2,"isRest":false,"recordingEndBeat":null},{"sd":"6","octave":-1,"beat":15,"duration":2,"isRest":false,"recordingEndBeat":null},{"sd":"7","octave":-1,"beat":17,"duration":2,"isRest":false,"recordingEndBeat":null},{"sd":"6","octave":-1,"beat":19,"duration":2,"isRest":false,"recordingEndBeat":null},{"sd":"7","octave":-1,"beat":21,"duration":2,"isRest":false,"recordingEndBeat":null},{"sd":"6","octave":-1,"beat":23,"duration":2,"isRest":false,"recordingEndBeat":null},{"sd":"7","octave":-1,"beat":25,"duration":2,"isRest":false,"recordingEndBeat":null},{"sd":"7","octave":-1,"beat":27,"duration":2,"isRest":false,"recordingEndBeat":null},{"sd":"1","octave":0,"beat":29,"duration":3,"isRest":true,"recordingEndBeat":null},{"sd":"7","octave":-1,"beat":32,"duration":0.75,"isRest":false,"recordingEndBeat":null},{"sd":"1","octave":0,"beat":32.75,"duration":2.25,"isRest":false,"recordingEndBeat":null},{"sd":"7","octave":-1,"beat":35,"duration":2,"isRest":false,"recordingEndBeat":null},{"sd":"6","octave":-1,"beat":37,"duration":1,"isRest":false,"recordingEndBeat":null},{"sd":"7","octave":-1,"beat":38,"duration":1,"isRest":false,"recordingEndBeat":null},{"sd":"6","octave":-1,"beat":39,"duration":1.25,"isRest":false,"recordingEndBeat":null},{"sd":"7","octave":-1,"beat":40.25,"duration":1,"isRest":false,"recordingEndBeat":null},{"sd":"6","octave":-1,"beat":41.25,"duration":2,"isRest":false,"recordingEndBeat":null},{"sd":"7","octave":-1,"beat":43.25,"duration":1.75,"isRest":false,"recordingEndBeat":null},{"sd":"6","octave":-1,"beat":45,"duration":2,"isRest":false,"recordingEndBeat":null},{"sd":"7","octave":-1,"beat":47,"duration":2,"isRest":false,"recordingEndBeat":null},{"sd":"7","octave":-1,"beat":49,"duration":2,"isRest":false,"recordingEndBeat":null},{"sd":"6","octave":-1,"beat":51,"duration":2,"isRest":false,"recordingEndBeat":null},{"sd":"7","octave":-1,"beat":53,"duration":2,"isRest":false,"recordingEndBeat":null},{"sd":"7","octave":-1,"beat":55,"duration":2,"isRest":false,"recordingEndBeat":null},{"sd":"7","octave":-1,"beat":57,"duration":2,"isRest":false,"recordingEndBeat":null},{"sd":"6","octave":-1,"beat":59,"duration":2,"isRest":false,"recordingEndBeat":null},{"sd":"7","octave":-1,"beat":61,"duration":2,"isRest":false,"recordingEndBeat":null},{"sd":"6","octave":-1,"beat":63,"duration":2,"isRest":false,"recordingEndBeat":null},{"sd":"7","octave":-1,"beat":65,"duration":2,"isRest":false,"recordingEndBeat":null},{"sd":"6","octave":-1,"beat":67,"duration":2,"isRest":false,"recordingEndBeat":null},{"sd":"7","octave":-1,"beat":69,"duration":2,"isRest":false,"recordingEndBeat":null},{"sd":"6","octave":-1,"beat":71,"duration":2,"isRest":false,"recordingEndBeat":null},{"sd":"7","octave":-1,"beat":73,"duration":2,"isRest":false,"recordingEndBeat":null},{"sd":"6","octave":-1,"beat":75,"duration":2,"isRest":false,"recordingEndBeat":null},{"sd":"7","octave":-1,"beat":77,"duration":2,"isRest":false,"recordingEndBeat":null},{"sd":"7","octave":-1,"beat":79,"duration":2,"isRest":false,"recordingEndBeat":null},{"sd":"1","octave":0,"beat":81,"duration":3,"isRest":true,"recordingEndBeat":null},{"sd":"7","octave":-1,"beat":84,"duration":0.75,"isRest":false,"recordingEndBeat":null},{"sd":"1","octave":0,"beat":84.75,"duration":0.25,"isRest":false,"recordingEndBeat":null},{"sd":"1","octave":0,"beat":85,"duration":2,"isRest":false,"recordingEndBeat":null},{"sd":"7","octave":-1,"beat":87,"duration":2,"isRest":false,"recordingEndBeat":null},{"sd":"6","octave":-1,"beat":89,"duration":1,"isRest":false,"recordingEndBeat":null},{"sd":"7","octave":-1,"beat":90,"duration":1,"isRest":false,"recordingEndBeat":null},{"sd":"6","octave":-1,"beat":91,"duration":1.25,"isRest":false,"recordingEndBeat":null},{"sd":"7","octave":-1,"beat":92.25,"duration":0.75,"isRest":false,"recordingEndBeat":null},{"sd":"7","octave":-1,"beat":93,"duration":0.25,"isRest":false,"recordingEndBeat":null},{"sd":"6","octave":-1,"beat":93.25,"duration":2,"isRest":false,"recordingEndBeat":null},{"sd":"7","octave":-1,"beat":95.25,"duration":1.75,"isRest":false,"recordingEndBeat":null},{"sd":"6","octave":-1,"beat":97,"duration":2,"isRest":false,"recordingEndBeat":null},{"sd":"7","octave":-1,"beat":99,"duration":2,"isRest":false,"recordingEndBeat":null},{"sd":"7","octave":-1,"beat":101,"duration":2,"isRest":false,"recordingEndBeat":null},{"sd":"6","octave":-1,"beat":103,"duration":2,"isRest":false,"recordingEndBeat":null},{"sd":"7","octave":-1,"beat":105,"duration":2,"isRest":false,"recordingEndBeat":null},{"sd":"7","octave":-1,"beat":107,"duration":2,"isRest":false,"recordingEndBeat":null}],"keys":[{"beat":1,"scale":"major","tonic":"C"}],"tempos":[{"beat":1,"bpm":150,"swingFactor":0.65,"swingBeat":0.5}],"meters":[{"beat":1,"numBeats":4,"beatUnit":1}],"breaks":[],"bands":[{"beat":1,"lead1":[{"mute":false,"octaveOffset":0,"velocity":0.5,"specification":"Piano Lead","midiChannel":1,"useHookpadOutput":true,"useMIDIOutput":true,"solo":false,"wasMutedBeforeSolo":false,"pan":0,"timing":0}],"lead2":[{"mute":false,"octaveOffset":0,"velocity":0.5,"specification":"Piano Lead","midiChannel":2,"useHookpadOutput":true,"useMIDIOutput":true,"solo":false,"wasMutedBeforeSolo":false,"pan":0,"timing":0}],"lead3":[{"mute":false,"octaveOffset":0,"velocity":0.5,"specification":"Piano Lead","midiChannel":3,"useHookpadOutput":true,"useMIDIOutput":true,"solo":false,"wasMutedBeforeSolo":false,"pan":0,"timing":0}],"lead4":[{"mute":false,"octaveOffset":0,"velocity":0.5,"specification":"Piano Lead","midiChannel":4,"useHookpadOutput":true,"useMIDIOutput":true,"solo":false,"wasMutedBeforeSolo":false,"pan":0,"timing":0}],"harmony":[{"octaveOffset":0,"velocity":0.5,"specification":"Piano 1/4s","midiChannel":5,"useHookpadOutput":true,"useMIDIOutput":true,"solo":false,"wasMutedBeforeSolo":false,"pan":0,"timing":0}],"bass":[{"octaveOffset":0,"velocity":0.5,"specification":"Piano Bass-Dotted","midiChannel":9,"useHookpadOutput":true,"useMIDIOutput":false,"solo":false,"wasMutedBeforeSolo":false,"pan":0,"timing":0}],"drums":[{"octaveOffset":0,"velocity":0.5,"specification":"Basic Pop","midiChannel":10,"useHookpadOutput":false,"useMIDIOutput":false,"solo":false,"wasMutedBeforeSolo":false,"pan":0,"timing":0}]}],"lyrics":{"isOpen":false,"isFocused":false,"values":["Gledam","svet\n","",""],"sectionLyrics":[{"sectionName":"Song","lyrics":["Gledam","svet\n","",""]}]},"sections":[],"cursor":{"beat":1,"location":"cursor-note-staff"},"settings":{"widthBeat":39,"zoom":0.7513148009015777,"youtubeVolume":70,"globalDetune":0,"metronome":false,"relativeNotation":true,"staffMode":"note-staff-mode-collapsed","wrapMode":"wrap-mode-fixed-mreasures-per-line","wrapModeMeasuresPerLine":8,"colorMode":"diatonic-centric","showMeasureStaff":true,"showLoopStaff":true,"showNoteStaff":true,"showChordStaff":true,"inactiveMelodyDisplay":"inactive-melody-colored-by-index","showOnlyStableInStaff":true,"midiOutputLatency":0,"compressorValue":0.5,"compressorIsActive":false,"enableExternalMP3":true,"externalMP3URL":"","externalMP3StartBeat":1,"externalMP3Duration":0,"isExternalMP3Loaded":false,"leadTrackNames":["Lead 1","Lead 2","Lead 3","Lead 4"],"playbackTransposition":0},"loopGui":{"looping":true,"beat":1,"duration":124,"loopIndex":7},"youtube":{"id":"1","syncStart":0.05,"syncEnd":0.15,"syncMode":"youtube-sync-mode-set-start-and-end"},"keyFrames":[{"beat":1},{"beat":29}],"activeMelodyIndex":0,"endBeat":145,"inactiveNotes":[[{"sd":"1","octave":0,"beat":1,"duration":4,"isRest":true,"recordingEndBeat":null},{"sd":"7","octave":-1,"beat":5,"duration":2,"isRest":false,"recordingEndBeat":null},{"sd":"6","octave":-1,"beat":7,"duration":2,"isRest":false,"recordingEndBeat":null},{"sd":"7","octave":-1,"beat":9,"duration":2,"isRest":false,"recordingEndBeat":null},{"sd":"7","octave":-1,"beat":11,"duration":2,"isRest":false,"recordingEndBeat":null},{"sd":"7","octave":-1,"beat":13,"duration":2,"isRest":false,"recordingEndBeat":null},{"sd":"6","octave":-1,"beat":15,"duration":2,"isRest":false,"recordingEndBeat":null},{"sd":"7","octave":-1,"beat":17,"duration":2,"isRest":false,"recordingEndBeat":null},{"sd":"6","octave":-1,"beat":19,"duration":2,"isRest":false,"recordingEndBeat":null},{"sd":"7","octave":-1,"beat":21,"duration":2,"isRest":false,"recordingEndBeat":null},{"sd":"6","octave":-1,"beat":23,"duration":2,"isRest":false,"recordingEndBeat":null},{"sd":"7","octave":-1,"beat":25,"duration":2,"isRest":false,"recordingEndBeat":null},{"sd":"7","octave":-1,"beat":27,"duration":2,"isRest":false,"recordingEndBeat":null},{"sd":"1","octave":0,"beat":29,"duration":3,"isRest":true,"recordingEndBeat":null},{"sd":"7","octave":-1,"beat":32,"duration":0.75,"isRest":false,"recordingEndBeat":null},{"sd":"1","octave":0,"beat":32.75,"duration":2.25,"isRest":false,"recordingEndBeat":null},{"sd":"7","octave":-1,"beat":35,"duration":2,"isRest":false,"recordingEndBeat":null},{"sd":"6","octave":-1,"beat":37,"duration":1,"isRest":false,"recordingEndBeat":null},{"sd":"7","octave":-1,"beat":38,"duration":1,"isRest":false,"recordingEndBeat":null},{"sd":"6","octave":-1,"beat":39,"duration":1.25,"isRest":false,"recordingEndBeat":null},{"sd":"7","octave":-1,"beat":40.25,"duration":1,"isRest":false,"recordingEndBeat":null},{"sd":"6","octave":-1,"beat":41.25,"duration":2,"isRest":false,"recordingEndBeat":null},{"sd":"7","octave":-1,"beat":43.25,"duration":1.75,"isRest":false,"recordingEndBeat":null},{"sd":"6","octave":-1,"beat":45,"duration":2,"isRest":false,"recordingEndBeat":null},{"sd":"7","octave":-1,"beat":47,"duration":2,"isRest":false,"recordingEndBeat":null},{"sd":"7","octave":-1,"beat":49,"duration":2,"isRest":false,"recordingEndBeat":null},{"sd":"6","octave":-1,"beat":51,"duration":2,"isRest":false,"recordingEndBeat":null},{"sd":"7","octave":-1,"beat":53,"duration":2,"isRest":false,"recordingEndBeat":null},{"sd":"7","octave":-1,"beat":55,"duration":2,"isRest":false,"recordingEndBeat":null},{"sd":"7","octave":-1,"beat":57,"duration":2,"isRest":false,"recordingEndBeat":null},{"sd":"6","octave":-1,"beat":59,"duration":2,"isRest":false,"recordingEndBeat":null},{"sd":"7","octave":-1,"beat":61,"duration":2,"isRest":false,"recordingEndBeat":null},{"sd":"6","octave":-1,"beat":63,"duration":2,"isRest":false,"recordingEndBeat":null},{"sd":"7","octave":-1,"beat":65,"duration":2,"isRest":false,"recordingEndBeat":null},{"sd":"6","octave":-1,"beat":67,"duration":2,"isRest":false,"recordingEndBeat":null},{"sd":"7","octave":-1,"beat":69,"duration":2,"isRest":false,"recordingEndBeat":null},{"sd":"6","octave":-1,"beat":71,"duration":2,"isRest":false,"recordingEndBeat":null},{"sd":"7","octave":-1,"beat":73,"duration":2,"isRest":false,"recordingEndBeat":null},{"sd":"6","octave":-1,"beat":75,"duration":2,"isRest":false,"recordingEndBeat":null},{"sd":"7","octave":-1,"beat":77,"duration":2,"isRest":false,"recordingEndBeat":null},{"sd":"7","octave":-1,"beat":79,"duration":2,"isRest":false,"recordingEndBeat":null},{"sd":"1","octave":0,"beat":81,"duration":3,"isRest":true,"recordingEndBeat":null},{"sd":"7","octave":-1,"beat":84,"duration":0.75,"isRest":false,"recordingEndBeat":null},{"sd":"1","octave":0,"beat":84.75,"duration":0.25,"isRest":false,"recordingEndBeat":null},{"sd":"1","octave":0,"beat":85,"duration":2,"isRest":false,"recordingEndBeat":null},{"sd":"7","octave":-1,"beat":87,"duration":2,"isRest":false,"recordingEndBeat":null},{"sd":"6","octave":-1,"beat":89,"duration":1,"isRest":false,"recordingEndBeat":null},{"sd":"7","octave":-1,"beat":90,"duration":1,"isRest":false,"recordingEndBeat":null},{"sd":"6","octave":-1,"beat":91,"duration":1.25,"isRest":false,"recordingEndBeat":null},{"sd":"7","octave":-1,"beat":92.25,"duration":0.75,"isRest":false,"recordingEndBeat":null},{"sd":"7","octave":-1,"beat":93,"duration":0.25,"isRest":false,"recordingEndBeat":null},{"sd":"6","octave":-1,"beat":93.25,"duration":2,"isRest":false,"recordingEndBeat":null},{"sd":"7","octave":-1,"beat":95.25,"duration":1.75,"isRest":false,"recordingEndBeat":null},{"sd":"6","octave":-1,"beat":97,"duration":2,"isRest":false,"recordingEndBeat":null},{"sd":"7","octave":-1,"beat":99,"duration":2,"isRest":false,"recordingEndBeat":null},{"sd":"7","octave":-1,"beat":101,"duration":2,"isRest":false,"recordingEndBeat":null},{"sd":"6","octave":-1,"beat":103,"duration":2,"isRest":false,"recordingEndBeat":null},{"sd":"7","octave":-1,"beat":105,"duration":2,"isRest":false,"recordingEndBeat":null},{"sd":"7","octave":-1,"beat":107,"duration":2,"isRest":false,"recordingEndBeat":null}],[],[],[]],"visibleMelodies":[0,1,2,3],"soloAndMutedMelodies":{"harmonyVolume":0.7,"externalFileVolume":0.6,"drumsVolume":0.7,"metronomeVolume":0.3,"lead1Volume":0.7,"lead2Volume":0.7,"lead3Volume":0.7,"lead4Volume":0.7,"mute":{"master":false,"harmony":false,"external":false,"drums":false,"metronome":true,"lead1":false,"lead2":false,"lead3":false,"lead4":false,"bass":false},"bassVolume":0.7,"volume":1,"solo":{"harmony":false,"external":false,"drums":false,"metronome":false,"lead1":false,"lead2":false,"lead3":false,"lead4":false,"bass":false},"wasMutedBeforeSoloed":{"harmony":false,"external":false,"drums":false,"metronome":false,"lead1":false,"lead2":false,"lead3":false,"lead4":false,"bass":false}},"FXBypass":{},"customFXParams":{},"customSynthParams":{},"pickup":false,"fp":"ad06d88363d6322f19ae6eb5545ad4eb35f74323"}