﻿{"version":"2.24.3","chords":[{"root":1,"beat":1,"duration":4,"type":5,"inversion":0,"applied":0,"adds":[9],"omits":[],"alterations":[],"suspensions":[],"substitutions":[],"pedal":null,"alternate":"","borrowed":"","isRest":false,"recordingEndBeat":null},{"root":5,"beat":5,"duration":2,"type":7,"inversion":0,"applied":0,"adds":[],"omits":[],"alterations":[],"suspensions":[],"substitutions":[],"pedal":null,"alternate":"","borrowed":"","isRest":false,"recordingEndBeat":null},{"root":1,"beat":7,"duration":2,"type":7,"inversion":2,"applied":0,"adds":[],"omits":[],"alterations":[],"suspensions":[2],"substitutions":[],"pedal":null,"alternate":"","borrowed":"","isRest":false,"recordingEndBeat":null},{"root":1,"beat":9,"duration":4,"type":5,"inversion":0,"applied":0,"adds":[9],"omits":[],"alterations":[],"suspensions":[],"substitutions":[],"pedal":null,"alternate":"","borrowed":"","isRest":false,"recordingEndBeat":null},{"root":5,"beat":13,"duration":0.75,"type":7,"inversion":0,"applied":0,"adds":[],"omits":[],"alterations":[],"suspensions":[],"substitutions":[],"pedal":null,"alternate":"","borrowed":"","isRest":false,"recordingEndBeat":null},{"root":7,"beat":13.75,"duration":0.75,"type":5,"inversion":0,"applied":0,"adds":[],"omits":[],"alterations":[],"suspensions":[],"substitutions":[],"pedal":null,"alternate":"","borrowed":"","isRest":false,"recordingEndBeat":null},{"root":1,"beat":14.5,"duration":0.75,"type":5,"inversion":0,"applied":0,"adds":[],"omits":[],"alterations":[],"suspensions":[],"substitutions":[],"pedal":null,"alternate":"","borrowed":"","isRest":false,"recordingEndBeat":null},{"root":1,"beat":17,"duration":4,"type":5,"inversion":0,"applied":0,"adds":[],"omits":[],"alterations":[],"suspensions":[],"substitutions":[],"pedal":null,"alternate":"","borrowed":"","isRest":false,"recordingEndBeat":null},{"root":1,"beat":21,"duration":1.5,"type":5,"inversion":0,"applied":0,"adds":[],"omits":[],"alterations":[],"suspensions":[2,4],"substitutions":[],"pedal":null,"alternate":"","borrowed":"","isRest":false,"recordingEndBeat":null},{"root":6,"beat":22.5,"duration":2.5,"type":7,"inversion":1,"applied":0,"adds":[],"omits":[],"alterations":[],"suspensions":[],"substitutions":[],"pedal":null,"alternate":"","borrowed":"phrygian","isRest":false,"recordingEndBeat":null},{"root":1,"beat":25,"duration":4,"type":5,"inversion":0,"applied":0,"adds":[9],"omits":[],"alterations":[],"suspensions":[],"substitutions":[],"pedal":null,"alternate":"","borrowed":"","isRest":false,"recordingEndBeat":null},{"root":5,"beat":29,"duration":0.75,"type":7,"inversion":0,"applied":0,"adds":[],"omits":[],"alterations":[],"suspensions":[],"substitutions":[],"pedal":null,"alternate":"","borrowed":"","isRest":false,"recordingEndBeat":null},{"root":7,"beat":29.75,"duration":0.75,"type":5,"inversion":0,"applied":0,"adds":[],"omits":[],"alterations":[],"suspensions":[],"substitutions":[],"pedal":null,"alternate":"","borrowed":"","isRest":false,"recordingEndBeat":null},{"root":1,"beat":30.5,"duration":0.75,"type":5,"inversion":0,"applied":0,"adds":[],"omits":[],"alterations":[],"suspensions":[],"substitutions":[],"pedal":null,"alternate":"","borrowed":"","isRest":false,"recordingEndBeat":null},{"root":1,"beat":33,"duration":8,"type":5,"inversion":0,"applied":0,"adds":[9],"omits":[],"alterations":[],"suspensions":[],"substitutions":[],"pedal":null,"alternate":"","borrowed":"","isRest":false,"recordingEndBeat":null},{"root":1,"beat":41,"duration":4,"type":7,"inversion":0,"applied":0,"adds":[],"omits":[],"alterations":[],"suspensions":[],"substitutions":[],"pedal":null,"alternate":"","borrowed":"major","isRest":false,"recordingEndBeat":null},{"root":5,"beat":45,"duration":0.75,"type":7,"inversion":0,"applied":0,"adds":[],"omits":[],"alterations":[],"suspensions":[],"substitutions":[],"pedal":null,"alternate":"","borrowed":"","isRest":false,"recordingEndBeat":null},{"root":7,"beat":45.75,"duration":0.75,"type":5,"inversion":0,"applied":0,"adds":[],"omits":[],"alterations":[],"suspensions":[],"substitutions":[],"pedal":null,"alternate":"","borrowed":"","isRest":false,"recordingEndBeat":null},{"root":1,"beat":46.5,"duration":0.75,"type":5,"inversion":0,"applied":0,"adds":[],"omits":[],"alterations":[],"suspensions":[],"substitutions":[],"pedal":null,"alternate":"","borrowed":"","isRest":false,"recordingEndBeat":null}],"notes":[{"sd":"5","octave":-1,"beat":1,"duration":0.5,"isRest":false,"recordingEndBeat":null},{"sd":"1","octave":-1,"beat":1.5,"duration":0.25,"isRest":false,"recordingEndBeat":null},{"sd":"1","octave":-1,"beat":1.75,"duration":0.75,"isRest":false,"recordingEndBeat":null},{"sd":"1","octave":-1,"beat":2.5,"duration":2.5,"isRest":false,"recordingEndBeat":null},{"sd":"1","octave":-1,"beat":7,"duration":0.5,"isRest":false,"recordingEndBeat":null},{"sd":"2","octave":-1,"beat":7.5,"duration":0.5,"isRest":false,"recordingEndBeat":null},{"sd":"3","octave":-1,"beat":8,"duration":0.5,"isRest":false,"recordingEndBeat":null},{"sd":"4","octave":-1,"beat":8.5,"duration":0.5,"isRest":false,"recordingEndBeat":null},{"sd":"5","octave":-1,"beat":9,"duration":0.75,"isRest":false,"recordingEndBeat":null},{"sd":"1","octave":-1,"beat":9.75,"duration":0.75,"isRest":false,"recordingEndBeat":null},{"sd":"7","octave":-2,"beat":10.5,"duration":0.5,"isRest":false,"recordingEndBeat":null},{"sd":"1","octave":-1,"beat":11,"duration":0.5,"isRest":false,"recordingEndBeat":null},{"sd":"2","octave":-1,"beat":11.5,"duration":0.25,"isRest":false,"recordingEndBeat":null},{"sd":"3","octave":-1,"beat":11.75,"duration":0.5,"isRest":false,"recordingEndBeat":null},{"sd":"3","octave":-1,"beat":12.25,"duration":0.25,"isRest":false,"recordingEndBeat":null},{"sd":"4","octave":-1,"beat":12.5,"duration":0.5,"isRest":false,"recordingEndBeat":null},{"sd":"2","octave":-1,"beat":13,"duration":0.75,"isRest":false,"recordingEndBeat":null},{"sd":"7","octave":-2,"beat":13.75,"duration":0.75,"isRest":false,"recordingEndBeat":null},{"sd":"1","octave":-1,"beat":14.5,"duration":0.5,"isRest":false,"recordingEndBeat":null},{"sd":"4","octave":-1,"beat":16.5,"duration":0.5,"isRest":false,"recordingEndBeat":null},{"sd":"5","octave":-1,"beat":17,"duration":0.75,"isRest":false,"recordingEndBeat":null},{"sd":"1","octave":-1,"beat":17.75,"duration":0.75,"isRest":false,"recordingEndBeat":null},{"sd":"1","octave":-1,"beat":18.5,"duration":0.5,"isRest":false,"recordingEndBeat":null},{"sd":"1","octave":-1,"beat":19,"duration":0.5,"isRest":false,"recordingEndBeat":null},{"sd":"3","octave":-1,"beat":19.5,"duration":1.5,"isRest":false,"recordingEndBeat":null},{"sd":"4","octave":-1,"beat":24.5,"duration":0.5,"isRest":false,"recordingEndBeat":null},{"sd":"5","octave":-1,"beat":25,"duration":0.75,"isRest":false,"recordingEndBeat":null},{"sd":"1","octave":-1,"beat":25.75,"duration":1.25,"isRest":false,"recordingEndBeat":null},{"sd":"1","octave":-1,"beat":27,"duration":0.5,"isRest":false,"recordingEndBeat":null},{"sd":"2","octave":-1,"beat":27.5,"duration":0.5,"isRest":false,"recordingEndBeat":null},{"sd":"3","octave":-1,"beat":28,"duration":0.5,"isRest":false,"recordingEndBeat":null},{"sd":"4","octave":-1,"beat":28.5,"duration":0.5,"isRest":false,"recordingEndBeat":null},{"sd":"2","octave":-1,"beat":29,"duration":0.75,"isRest":false,"recordingEndBeat":null},{"sd":"7","octave":-2,"beat":29.75,"duration":0.75,"isRest":false,"recordingEndBeat":null},{"sd":"1","octave":-1,"beat":30.5,"duration":0.5,"isRest":false,"recordingEndBeat":null},{"sd":"4","octave":-1,"beat":32.5,"duration":0.5,"isRest":false,"recordingEndBeat":null},{"sd":"5","octave":-1,"beat":33,"duration":0.75,"isRest":false,"recordingEndBeat":null},{"sd":"1","octave":-1,"beat":33.75,"duration":0.75,"isRest":false,"recordingEndBeat":null},{"sd":"1","octave":-1,"beat":34.5,"duration":0.5,"isRest":false,"recordingEndBeat":null},{"sd":"1","octave":-1,"beat":35,"duration":0.25,"isRest":false,"recordingEndBeat":null},{"sd":"3","octave":-1,"beat":35.25,"duration":1.75,"isRest":false,"recordingEndBeat":null},{"sd":"4","octave":-1,"beat":40.5,"duration":0.5,"isRest":false,"recordingEndBeat":null},{"sd":"5","octave":-1,"beat":41,"duration":0.75,"isRest":false,"recordingEndBeat":null},{"sd":"1","octave":-1,"beat":41.75,"duration":0.75,"isRest":false,"recordingEndBeat":null},{"sd":"1","octave":-1,"beat":42.5,"duration":1.5,"isRest":false,"recordingEndBeat":null},{"sd":"2","octave":-1,"beat":44,"duration":0.3333333333334849,"isRest":false,"recordingEndBeat":null},{"sd":"3","octave":-1,"beat":44.333333333333485,"duration":0.3333333333334849,"isRest":false,"recordingEndBeat":null},{"sd":"4","octave":-1,"beat":44.66666666666697,"duration":0.3333333333334849,"isRest":false,"recordingEndBeat":null},{"sd":"2","octave":-1,"beat":45.000000000000455,"duration":0.7499999999995453,"isRest":false,"recordingEndBeat":null},{"sd":"7","octave":-2,"beat":45.75,"duration":0.75,"isRest":false,"recordingEndBeat":null},{"sd":"1","octave":-1,"beat":46.5,"duration":0.5,"isRest":false,"recordingEndBeat":null},{"sd":"1","octave":-2,"beat":47.66666666666697,"duration":0.16666666666674246,"isRest":false,"recordingEndBeat":null},{"sd":"2","octave":-2,"beat":47.83333333333371,"duration":0.1666666666662877,"isRest":false,"recordingEndBeat":null},{"sd":"3","octave":-2,"beat":48.000000000000455,"duration":0.1666666666662877,"isRest":false,"recordingEndBeat":null},{"sd":"4","octave":-2,"beat":48.16666666666674,"duration":0.16666666666674246,"isRest":false,"recordingEndBeat":null},{"sd":"5","octave":-2,"beat":48.333333333333485,"duration":0.16666666666674246,"isRest":false,"recordingEndBeat":null},{"sd":"6","octave":-2,"beat":48.50000000000023,"duration":0.16666666666674246,"isRest":false,"recordingEndBeat":null},{"sd":"7","octave":-2,"beat":48.66666666666697,"duration":0.33333333333303017,"isRest":false,"recordingEndBeat":null}],"keys":[{"beat":1,"scale":"minor","tonic":"E"}],"tempos":[{"beat":1,"bpm":132,"swingFactor":0,"swingBeat":0.5}],"meters":[{"beat":1,"numBeats":4,"beatUnit":1}],"breaks":[],"bands":[{"beat":1,"lead1":[{"mute":false,"octaveOffset":0,"velocity":0.7,"specification":"Piano Lead","midiChannel":1,"useHookpadOutput":true,"useMIDIOutput":true,"solo":false,"wasMutedBeforeSolo":false,"pan":0,"timing":0}],"lead2":[{"mute":false,"octaveOffset":0,"velocity":0.7,"specification":"Piano Lead","midiChannel":2,"useHookpadOutput":true,"useMIDIOutput":true,"solo":false,"wasMutedBeforeSolo":false,"pan":0,"timing":0}],"lead3":[{"mute":false,"octaveOffset":0,"velocity":0.7,"specification":"Piano Lead","midiChannel":3,"useHookpadOutput":true,"useMIDIOutput":true,"solo":false,"wasMutedBeforeSolo":false,"pan":0,"timing":0}],"lead4":[{"mute":false,"octaveOffset":0,"velocity":0.7,"specification":"Piano Lead","midiChannel":4,"useHookpadOutput":true,"useMIDIOutput":true,"solo":false,"wasMutedBeforeSolo":false,"pan":0,"timing":0}],"harmony":[{"octaveOffset":0,"velocity":0.7,"specification":"Piano 1/4s","midiChannel":5,"useHookpadOutput":true,"useMIDIOutput":true,"solo":false,"wasMutedBeforeSolo":false,"pan":0,"timing":0}],"bass":[{"octaveOffset":0,"velocity":0.7,"specification":"Piano Bass-Dotted","midiChannel":9,"useHookpadOutput":true,"useMIDIOutput":false,"solo":false,"wasMutedBeforeSolo":false,"pan":0,"timing":0}],"drums":[{"octaveOffset":0,"velocity":0.7,"specification":"Basic Pop","midiChannel":10,"useHookpadOutput":false,"useMIDIOutput":false,"solo":false,"wasMutedBeforeSolo":false,"pan":0,"timing":0}]}],"lyrics":{"isOpen":false,"isFocused":false,"values":["","","",""],"sectionLyrics":[{"sectionName":"Song","lyrics":["","","",""]}]},"sections":[],"cursor":{"beat":1,"location":"cursor-note-staff"},"settings":{"widthBeat":36,"zoom":1,"youtubeVolume":70,"globalDetune":0,"metronome":false,"relativeNotation":true,"staffMode":"note-staff-mode-collapsed","wrapMode":"wrap-mode-fixed-mreasures-per-line","wrapModeMeasuresPerLine":8,"colorMode":"diatonic-centric","colorTheme":"color-theme-light","showMeasureStaff":true,"showLoopStaff":true,"showNoteStaff":true,"showChordStaff":true,"inactiveMelodyDisplay":"inactive-melody-colored-by-index","showOnlyStableInStaff":false,"midiOutputLatency":0,"compressorValue":0.5,"compressorIsActive":false,"enableExternalMP3":true,"externalMP3URL":"","externalMP3StartBeat":1,"externalMP3Duration":0,"isExternalMP3Loaded":false,"leadTrackNames":["Lead 1","Lead 2","Lead 3","Lead 4"],"playbackTransposition":0},"loopGui":{"looping":false,"beat":39,"duration":1,"loopIndex":-1},"youtube":{"id":"https://www.youtube.com/watch?v=zNTaVTMoNTk&feature=youtu.be&ab_channel=billwurtz","syncStart":0.037539686435217566,"syncEnd":0.12463605179044246,"syncMode":"youtube-sync-mode-test"},"keyFrames":[{"beat":1},{"beat":49}],"activeMelodyIndex":0,"endBeat":49,"inactiveNotes":[[{"sd":"5","octave":-1,"beat":1,"duration":0.5,"isRest":false,"recordingEndBeat":null},{"sd":"1","octave":-1,"beat":1.5,"duration":0.25,"isRest":false,"recordingEndBeat":null},{"sd":"1","octave":-1,"beat":1.75,"duration":0.75,"isRest":false,"recordingEndBeat":null},{"sd":"1","octave":-1,"beat":2.5,"duration":2.5,"isRest":false,"recordingEndBeat":null},{"sd":"1","octave":-1,"beat":7,"duration":0.5,"isRest":false,"recordingEndBeat":null},{"sd":"2","octave":-1,"beat":7.5,"duration":0.5,"isRest":false,"recordingEndBeat":null},{"sd":"3","octave":-1,"beat":8,"duration":0.5,"isRest":false,"recordingEndBeat":null},{"sd":"4","octave":-1,"beat":8.5,"duration":0.5,"isRest":false,"recordingEndBeat":null},{"sd":"5","octave":-1,"beat":9,"duration":0.75,"isRest":false,"recordingEndBeat":null},{"sd":"1","octave":-1,"beat":9.75,"duration":0.75,"isRest":false,"recordingEndBeat":null},{"sd":"7","octave":-2,"beat":10.5,"duration":0.5,"isRest":false,"recordingEndBeat":null},{"sd":"1","octave":-1,"beat":11,"duration":0.5,"isRest":false,"recordingEndBeat":null},{"sd":"2","octave":-1,"beat":11.5,"duration":0.25,"isRest":false,"recordingEndBeat":null},{"sd":"3","octave":-1,"beat":11.75,"duration":0.5,"isRest":false,"recordingEndBeat":null},{"sd":"3","octave":-1,"beat":12.25,"duration":0.25,"isRest":false,"recordingEndBeat":null},{"sd":"4","octave":-1,"beat":12.5,"duration":0.5,"isRest":false,"recordingEndBeat":null},{"sd":"2","octave":-1,"beat":13,"duration":0.75,"isRest":false,"recordingEndBeat":null},{"sd":"7","octave":-2,"beat":13.75,"duration":0.75,"isRest":false,"recordingEndBeat":null},{"sd":"1","octave":-1,"beat":14.5,"duration":0.5,"isRest":false,"recordingEndBeat":null},{"sd":"4","octave":-1,"beat":16.5,"duration":0.5,"isRest":false,"recordingEndBeat":null},{"sd":"5","octave":-1,"beat":17,"duration":0.75,"isRest":false,"recordingEndBeat":null},{"sd":"1","octave":-1,"beat":17.75,"duration":0.75,"isRest":false,"recordingEndBeat":null},{"sd":"1","octave":-1,"beat":18.5,"duration":0.5,"isRest":false,"recordingEndBeat":null},{"sd":"1","octave":-1,"beat":19,"duration":0.5,"isRest":false,"recordingEndBeat":null},{"sd":"3","octave":-1,"beat":19.5,"duration":1.5,"isRest":false,"recordingEndBeat":null},{"sd":"4","octave":-1,"beat":24.5,"duration":0.5,"isRest":false,"recordingEndBeat":null},{"sd":"5","octave":-1,"beat":25,"duration":0.75,"isRest":false,"recordingEndBeat":null},{"sd":"1","octave":-1,"beat":25.75,"duration":1.25,"isRest":false,"recordingEndBeat":null},{"sd":"1","octave":-1,"beat":27,"duration":0.5,"isRest":false,"recordingEndBeat":null},{"sd":"2","octave":-1,"beat":27.5,"duration":0.5,"isRest":false,"recordingEndBeat":null},{"sd":"3","octave":-1,"beat":28,"duration":0.5,"isRest":false,"recordingEndBeat":null},{"sd":"4","octave":-1,"beat":28.5,"duration":0.5,"isRest":false,"recordingEndBeat":null},{"sd":"2","octave":-1,"beat":29,"duration":0.75,"isRest":false,"recordingEndBeat":null},{"sd":"7","octave":-2,"beat":29.75,"duration":0.75,"isRest":false,"recordingEndBeat":null},{"sd":"1","octave":-1,"beat":30.5,"duration":0.5,"isRest":false,"recordingEndBeat":null},{"sd":"4","octave":-1,"beat":32.5,"duration":0.5,"isRest":false,"recordingEndBeat":null},{"sd":"5","octave":-1,"beat":33,"duration":0.75,"isRest":false,"recordingEndBeat":null},{"sd":"1","octave":-1,"beat":33.75,"duration":0.75,"isRest":false,"recordingEndBeat":null},{"sd":"1","octave":-1,"beat":34.5,"duration":0.5,"isRest":false,"recordingEndBeat":null},{"sd":"1","octave":-1,"beat":35,"duration":0.25,"isRest":false,"recordingEndBeat":null},{"sd":"3","octave":-1,"beat":35.25,"duration":1.75,"isRest":false,"recordingEndBeat":null},{"sd":"4","octave":-1,"beat":40.5,"duration":0.5,"isRest":false,"recordingEndBeat":null},{"sd":"5","octave":-1,"beat":41,"duration":0.75,"isRest":false,"recordingEndBeat":null},{"sd":"1","octave":-1,"beat":41.75,"duration":0.75,"isRest":false,"recordingEndBeat":null},{"sd":"1","octave":-1,"beat":42.5,"duration":1.5,"isRest":false,"recordingEndBeat":null},{"sd":"2","octave":-1,"beat":44,"duration":0.3333333333334849,"isRest":false,"recordingEndBeat":null},{"sd":"3","octave":-1,"beat":44.333333333333485,"duration":0.3333333333334849,"isRest":false,"recordingEndBeat":null},{"sd":"4","octave":-1,"beat":44.66666666666697,"duration":0.3333333333334849,"isRest":false,"recordingEndBeat":null},{"sd":"2","octave":-1,"beat":45.000000000000455,"duration":0.7499999999995453,"isRest":false,"recordingEndBeat":null},{"sd":"7","octave":-2,"beat":45.75,"duration":0.75,"isRest":false,"recordingEndBeat":null},{"sd":"1","octave":-1,"beat":46.5,"duration":0.5,"isRest":false,"recordingEndBeat":null},{"sd":"1","octave":-2,"beat":47.66666666666697,"duration":0.16666666666674246,"isRest":false,"recordingEndBeat":null},{"sd":"2","octave":-2,"beat":47.83333333333371,"duration":0.1666666666662877,"isRest":false,"recordingEndBeat":null},{"sd":"3","octave":-2,"beat":48.000000000000455,"duration":0.1666666666662877,"isRest":false,"recordingEndBeat":null},{"sd":"4","octave":-2,"beat":48.16666666666674,"duration":0.16666666666674246,"isRest":false,"recordingEndBeat":null},{"sd":"5","octave":-2,"beat":48.333333333333485,"duration":0.16666666666674246,"isRest":false,"recordingEndBeat":null},{"sd":"6","octave":-2,"beat":48.50000000000023,"duration":0.16666666666674246,"isRest":false,"recordingEndBeat":null},{"sd":"7","octave":-2,"beat":48.66666666666697,"duration":0.33333333333303017,"isRest":false,"recordingEndBeat":null}],[],[],[]],"visibleMelodies":[0,1,2,3],"soloAndMutedMelodies":{"harmonyVolume":0.7,"externalFileVolume":0.6,"drumsVolume":0.7,"metronomeVolume":0.3,"lead1Volume":0.7,"lead2Volume":0.7,"lead3Volume":0.7,"lead4Volume":0.7,"mute":{"master":false,"harmony":false,"external":false,"drums":false,"metronome":true,"lead1":false,"lead2":false,"lead3":false,"lead4":false,"bass":false},"bassVolume":0.7,"volume":1,"solo":{"harmony":false,"external":false,"drums":false,"metronome":false,"lead1":false,"lead2":false,"lead3":false,"lead4":false,"bass":false},"wasMutedBeforeSoloed":{"harmony":false,"external":false,"drums":false,"metronome":false,"lead1":false,"lead2":false,"lead3":false,"lead4":false,"bass":false}},"FXBypass":{},"customFXParams":{},"customSynthParams":{},"pickup":false,"fp":"88d2d1647098eeb0ccff16bd720d579eb71fcbfe"}