﻿{"version":"2.24.3","chords":[{"root":4,"beat":1,"duration":4,"type":5,"inversion":2,"applied":0,"adds":[],"omits":[],"alterations":[],"suspensions":[],"substitutions":[],"pedal":null,"alternate":"","borrowed":null,"isRest":false,"recordingEndBeat":null},{"root":5,"beat":5,"duration":4,"type":5,"inversion":2,"applied":0,"adds":[],"omits":[],"alterations":[],"suspensions":[],"substitutions":[],"pedal":null,"alternate":"","borrowed":null,"isRest":false,"recordingEndBeat":null},{"root":4,"beat":9,"duration":4,"type":5,"inversion":0,"applied":0,"adds":[],"omits":[],"alterations":[],"suspensions":[],"substitutions":[],"pedal":null,"alternate":"","borrowed":null,"isRest":false,"recordingEndBeat":null},{"root":5,"beat":13,"duration":4,"type":5,"inversion":2,"applied":0,"adds":[],"omits":[],"alterations":[],"suspensions":[],"substitutions":[],"pedal":null,"alternate":"","borrowed":null,"isRest":false,"recordingEndBeat":null},{"root":4,"beat":17,"duration":4,"type":5,"inversion":0,"applied":0,"adds":[],"omits":[],"alterations":[],"suspensions":[],"substitutions":[],"pedal":null,"alternate":"","borrowed":null,"isRest":false,"recordingEndBeat":null},{"root":5,"beat":21,"duration":4,"type":5,"inversion":1,"applied":0,"adds":[],"omits":[],"alterations":[],"suspensions":[],"substitutions":[],"pedal":null,"alternate":"","borrowed":null,"isRest":false,"recordingEndBeat":null},{"root":1,"beat":25,"duration":4,"type":5,"inversion":1,"applied":0,"adds":[],"omits":[],"alterations":[],"suspensions":[],"substitutions":[],"pedal":null,"alternate":"","borrowed":null,"isRest":false,"recordingEndBeat":null}],"notes":[{"sd":"1","octave":0,"beat":1,"duration":2,"isRest":true,"recordingEndBeat":null},{"sd":"1","octave":0,"beat":3,"duration":0.5,"isRest":false,"recordingEndBeat":null},{"sd":"1","octave":0,"beat":3.5,"duration":0.5,"isRest":false,"recordingEndBeat":null},{"sd":"1","octave":0,"beat":4,"duration":0.5,"isRest":false,"recordingEndBeat":null},{"sd":"7","octave":-1,"beat":4.5,"duration":0.5,"isRest":false,"recordingEndBeat":null},{"sd":"7","octave":-1,"beat":5,"duration":1.5,"isRest":false,"recordingEndBeat":null},{"sd":"1","octave":0,"beat":6.5,"duration":2.5,"isRest":false,"recordingEndBeat":null},{"sd":"1","octave":0,"beat":9,"duration":2,"isRest":true,"recordingEndBeat":null},{"sd":"1","octave":0,"beat":11,"duration":0.5,"isRest":false,"recordingEndBeat":null},{"sd":"1","octave":0,"beat":11.5,"duration":0.5,"isRest":false,"recordingEndBeat":null},{"sd":"1","octave":0,"beat":12,"duration":0.5,"isRest":false,"recordingEndBeat":null},{"sd":"7","octave":-1,"beat":12.5,"duration":0.5,"isRest":false,"recordingEndBeat":null},{"sd":"7","octave":-1,"beat":13,"duration":1.5,"isRest":false,"recordingEndBeat":null},{"sd":"1","octave":0,"beat":14.5,"duration":0.5,"isRest":false,"recordingEndBeat":null},{"sd":"6","octave":-1,"beat":15,"duration":2,"isRest":false,"recordingEndBeat":null},{"sd":"1","octave":0,"beat":17,"duration":4,"isRest":true,"recordingEndBeat":null},{"sd":"7","octave":-1,"beat":21,"duration":0.5,"isRest":false,"recordingEndBeat":null},{"sd":"7","octave":-1,"beat":21.5,"duration":0.5,"isRest":false,"recordingEndBeat":null},{"sd":"7","octave":-1,"beat":22,"duration":0.5,"isRest":false,"recordingEndBeat":null},{"sd":"7","octave":-1,"beat":22.5,"duration":0.5,"isRest":false,"recordingEndBeat":null},{"sd":"1","octave":0,"beat":23,"duration":1.5,"isRest":false,"recordingEndBeat":null},{"sd":"1","octave":0,"beat":24.5,"duration":2.5,"isRest":false,"recordingEndBeat":null},{"sd":"1","octave":0,"beat":27,"duration":2,"isRest":true,"recordingEndBeat":null}],"keys":[{"beat":1,"scale":"major","tonic":"C"}],"tempos":[{"beat":1,"bpm":104,"swingFactor":0,"swingBeat":0.5}],"meters":[{"beat":1,"numBeats":4,"beatUnit":1}],"breaks":[],"bands":[{"beat":1,"lead1":[{"mute":false,"octaveOffset":0,"velocity":0.7,"specification":"Piano Lead","midiChannel":1,"useHookpadOutput":true,"useMIDIOutput":true,"solo":false,"wasMutedBeforeSolo":false,"pan":0,"timing":0}],"lead2":[{"mute":false,"specification":"Piano Lead","midiChannel":2,"useHookpadOutput":true,"useMIDIOutput":true,"solo":false,"wasMutedBeforeSolo":false,"pan":0,"timing":0}],"lead3":[{"mute":false,"specification":"Piano Lead","midiChannel":3,"useHookpadOutput":true,"useMIDIOutput":true,"solo":false,"wasMutedBeforeSolo":false,"pan":0,"timing":0}],"lead4":[{"mute":false,"specification":"Piano Lead","midiChannel":4,"useHookpadOutput":true,"useMIDIOutput":true,"solo":false,"wasMutedBeforeSolo":false,"pan":0,"timing":0}],"harmony":[{"octaveOffset":0,"velocity":0.7,"specification":"Piano 1/4s","midiChannel":5,"useHookpadOutput":true,"useMIDIOutput":true,"solo":false,"wasMutedBeforeSolo":false,"pan":0,"timing":0}],"bass":[{"octaveOffset":0,"velocity":0.7,"specification":"Piano Bass-Dotted","midiChannel":9,"useHookpadOutput":true,"useMIDIOutput":false,"solo":false,"wasMutedBeforeSolo":false,"pan":0,"timing":0}],"drums":[{"octaveOffset":0,"velocity":0,"specification":"Basic Pop 22","midiChannel":10,"useHookpadOutput":true,"useMIDIOutput":true,"solo":false,"wasMutedBeforeSolo":false,"pan":0,"timing":0}]}],"lyrics":{"isOpen":false,"isFocused":false,"rerender":0.19891427192140032,"values":["","","",""],"sectionLyrics":[{"sectionName":"Song","lyrics":["","","",""]}]},"sections":[],"cursor":{"beat":1,"location":"cursor-chord-staff"},"settings":{"widthBeat":36,"zoom":1,"youtubeVolume":70,"globalDetune":0,"metronome":false,"relativeNotation":true,"staffMode":"note-staff-mode-collapsed","wrapMode":"wrap-mode-fixed-mreasures-per-line","wrapModeMeasuresPerLine":8,"colorMode":"diatonic-centric","showMeasureStaff":true,"showLoopStaff":true,"showNoteStaff":true,"showChordStaff":true,"inactiveMelodyDisplay":"inactive-melody-colored-by-index","showOnlyStableInStaff":false,"midiOutputLatency":0,"compressorValue":0.5,"compressorIsActive":false,"enableExternalMP3":true,"externalMP3URL":"","externalMP3StartBeat":1,"externalMP3Duration":0,"isExternalMP3Loaded":false,"leadTrackNames":["Lead 1","Lead 2","Lead 3","Lead 4"],"playbackTransposition":0},"loopGui":{"looping":false,"beat":1,"duration":16},"youtube":{"id":"EClYp9AkgGc","syncStart":0.05,"syncEnd":0.15,"syncMode":"youtube-sync-mode-test"},"keyFrames":[{"beat":1},{"beat":29}],"activeMelodyIndex":0,"endBeat":29,"inactiveNotes":[[{"sd":"1","octave":0,"beat":1,"duration":2,"isRest":true,"recordingEndBeat":null},{"sd":"1","octave":0,"beat":3,"duration":0.5,"isRest":false,"recordingEndBeat":null},{"sd":"1","octave":0,"beat":3.5,"duration":0.5,"isRest":false,"recordingEndBeat":null},{"sd":"1","octave":0,"beat":4,"duration":0.5,"isRest":false,"recordingEndBeat":null},{"sd":"7","octave":-1,"beat":4.5,"duration":0.5,"isRest":false,"recordingEndBeat":null},{"sd":"7","octave":-1,"beat":5,"duration":1.5,"isRest":false,"recordingEndBeat":null},{"sd":"1","octave":0,"beat":6.5,"duration":2.5,"isRest":false,"recordingEndBeat":null},{"sd":"1","octave":0,"beat":9,"duration":2,"isRest":true,"recordingEndBeat":null},{"sd":"1","octave":0,"beat":11,"duration":0.5,"isRest":false,"recordingEndBeat":null},{"sd":"1","octave":0,"beat":11.5,"duration":0.5,"isRest":false,"recordingEndBeat":null},{"sd":"1","octave":0,"beat":12,"duration":0.5,"isRest":false,"recordingEndBeat":null},{"sd":"7","octave":-1,"beat":12.5,"duration":0.5,"isRest":false,"recordingEndBeat":null},{"sd":"7","octave":-1,"beat":13,"duration":1.5,"isRest":false,"recordingEndBeat":null},{"sd":"1","octave":0,"beat":14.5,"duration":0.5,"isRest":false,"recordingEndBeat":null},{"sd":"6","octave":-1,"beat":15,"duration":2,"isRest":false,"recordingEndBeat":null},{"sd":"1","octave":0,"beat":17,"duration":4,"isRest":true,"recordingEndBeat":null},{"sd":"7","octave":-1,"beat":21,"duration":0.5,"isRest":false,"recordingEndBeat":null},{"sd":"7","octave":-1,"beat":21.5,"duration":0.5,"isRest":false,"recordingEndBeat":null},{"sd":"7","octave":-1,"beat":22,"duration":0.5,"isRest":false,"recordingEndBeat":null},{"sd":"7","octave":-1,"beat":22.5,"duration":0.5,"isRest":false,"recordingEndBeat":null},{"sd":"1","octave":0,"beat":23,"duration":1.5,"isRest":false,"recordingEndBeat":null},{"sd":"1","octave":0,"beat":24.5,"duration":2.5,"isRest":false,"recordingEndBeat":null},{"sd":"1","octave":0,"beat":27,"duration":2,"isRest":true,"recordingEndBeat":null}],[],[],[]],"visibleMelodies":[0,1,2,3],"soloAndMutedMelodies":{"harmonyVolume":0.7,"externalFileVolume":0.6,"drumsVolume":0.7,"metronomeVolume":0.3,"lead1Volume":0.7,"lead2Volume":0.7,"lead3Volume":0.7,"lead4Volume":0.7,"mute":{"master":false,"harmony":false,"external":false,"drums":false,"metronome":true,"lead1":false,"lead2":false,"lead3":false,"lead4":false,"bass":false},"bassVolume":0.7,"volume":1,"solo":{"harmony":false,"external":false,"drums":false,"metronome":false,"lead1":false,"lead2":false,"lead3":false,"lead4":false,"bass":false},"wasMutedBeforeSoloed":{"harmony":false,"external":false,"drums":false,"metronome":false,"lead1":false,"lead2":false,"lead3":false,"lead4":false,"bass":false}},"FXBypass":{},"customFXParams":{},"customSynthParams":{},"pickup":false,"fp":"22294bab10fcbdeaacb7d4861c50d3b81d1a3dd2"}