﻿{"version":"2.24.3","chords":[{"root":3,"beat":1,"duration":4,"type":5,"inversion":0,"applied":0,"adds":[],"omits":[],"alterations":[],"suspensions":[],"substitutions":[],"pedal":null,"alternate":"","borrowed":"","isRest":true,"recordingEndBeat":null},{"root":6,"beat":5,"duration":4,"type":5,"inversion":0,"applied":0,"adds":[],"omits":[],"alterations":[],"suspensions":[],"substitutions":[],"pedal":null,"alternate":"","borrowed":"","isRest":false,"recordingEndBeat":null},{"root":3,"beat":9,"duration":4,"type":5,"inversion":0,"applied":0,"adds":[],"omits":[],"alterations":[],"suspensions":[],"substitutions":[],"pedal":null,"alternate":"","borrowed":"","isRest":false,"recordingEndBeat":null},{"root":5,"beat":13,"duration":4,"type":5,"inversion":0,"applied":0,"adds":[],"omits":[],"alterations":[],"suspensions":[],"substitutions":[],"pedal":null,"alternate":"","borrowed":"","isRest":false,"recordingEndBeat":null},{"root":1,"beat":17,"duration":4,"type":5,"inversion":0,"applied":0,"adds":[],"omits":[],"alterations":[],"suspensions":[],"substitutions":[],"pedal":null,"alternate":"","borrowed":"","isRest":false,"recordingEndBeat":null},{"root":5,"beat":21,"duration":4,"type":5,"inversion":0,"applied":0,"adds":[],"omits":[],"alterations":[],"suspensions":[],"substitutions":[],"pedal":null,"alternate":"","borrowed":"","isRest":false,"recordingEndBeat":null},{"root":1,"beat":25,"duration":4,"type":5,"inversion":0,"applied":0,"adds":[],"omits":[],"alterations":[],"suspensions":[],"substitutions":[],"pedal":null,"alternate":"","borrowed":"","isRest":false,"recordingEndBeat":null},{"root":7,"beat":29,"duration":4,"type":5,"inversion":0,"applied":0,"adds":[],"omits":[],"alterations":[],"suspensions":[],"substitutions":[],"pedal":null,"alternate":"","borrowed":"","isRest":false,"recordingEndBeat":null}],"notes":[{"sd":"3","octave":0,"beat":1,"duration":1,"isRest":true,"recordingEndBeat":null},{"sd":"3","octave":0,"beat":2,"duration":0.67,"isRest":false,"recordingEndBeat":null},{"sd":"3","octave":0,"beat":2.67,"duration":0.33,"isRest":false,"recordingEndBeat":null},{"sd":"1","octave":0,"beat":3,"duration":0.67,"isRest":false,"recordingEndBeat":null},{"sd":"3","octave":0,"beat":3.67,"duration":0.33,"isRest":false,"recordingEndBeat":null},{"sd":"3","octave":0,"beat":4,"duration":0.67,"isRest":false,"recordingEndBeat":null},{"sd":"1","octave":0,"beat":4.67,"duration":0.33,"isRest":false,"recordingEndBeat":null},{"sd":"4","octave":0,"beat":5,"duration":1,"isRest":false,"recordingEndBeat":null},{"sd":"1","octave":0,"beat":6,"duration":1,"isRest":false,"recordingEndBeat":null},{"sd":"3","octave":0,"beat":7,"duration":3,"isRest":true,"recordingEndBeat":null},{"sd":"3","octave":0,"beat":10,"duration":0.67,"isRest":false,"recordingEndBeat":null},{"sd":"3","octave":0,"beat":10.67,"duration":0.33,"isRest":false,"recordingEndBeat":null},{"sd":"1","octave":0,"beat":11,"duration":0.67,"isRest":false,"recordingEndBeat":null},{"sd":"3","octave":0,"beat":11.67,"duration":0.33,"isRest":false,"recordingEndBeat":null},{"sd":"3","octave":0,"beat":12,"duration":0.67,"isRest":false,"recordingEndBeat":null},{"sd":"1","octave":0,"beat":12.67,"duration":0.33,"isRest":false,"recordingEndBeat":null},{"sd":"7","octave":0,"beat":13,"duration":1.5,"isRest":false,"recordingEndBeat":null},{"sd":"5","octave":0,"beat":14.5,"duration":1.5,"isRest":false,"recordingEndBeat":null},{"sd":"1","octave":0,"beat":16,"duration":1,"isRest":false,"recordingEndBeat":null},{"sd":"3","octave":0,"beat":17,"duration":0.67,"isRest":true,"recordingEndBeat":null},{"sd":"3","octave":0,"beat":17.67,"duration":0.33,"isRest":false,"recordingEndBeat":null},{"sd":"3","octave":0,"beat":18,"duration":0.67,"isRest":false,"recordingEndBeat":null},{"sd":"3","octave":0,"beat":18.67,"duration":0.33,"isRest":false,"recordingEndBeat":null},{"sd":"1","octave":0,"beat":19,"duration":0.67,"isRest":false,"recordingEndBeat":null},{"sd":"3","octave":0,"beat":19.67,"duration":0.33,"isRest":false,"recordingEndBeat":null},{"sd":"3","octave":0,"beat":20,"duration":0.67,"isRest":false,"recordingEndBeat":null},{"sd":"3","octave":0,"beat":20.67,"duration":0.33,"isRest":false,"recordingEndBeat":null},{"sd":"7","octave":0,"beat":21,"duration":1.5,"isRest":false,"recordingEndBeat":null},{"sd":"5","octave":0,"beat":22.5,"duration":1,"isRest":false,"recordingEndBeat":null},{"sd":"5","octave":0,"beat":23.5,"duration":0.5,"isRest":false,"recordingEndBeat":null},{"sd":"1","octave":0,"beat":24,"duration":1,"isRest":false,"recordingEndBeat":null},{"sd":"3","octave":0,"beat":25,"duration":0.67,"isRest":true,"recordingEndBeat":null},{"sd":"3","octave":0,"beat":25.67,"duration":0.33,"isRest":false,"recordingEndBeat":null},{"sd":"3","octave":0,"beat":26,"duration":0.67,"isRest":false,"recordingEndBeat":null},{"sd":"1","octave":0,"beat":26.67,"duration":0.33,"isRest":false,"recordingEndBeat":null},{"sd":"5","octave":0,"beat":27,"duration":1,"isRest":false,"recordingEndBeat":null},{"sd":"4","octave":0,"beat":28,"duration":2,"isRest":false,"recordingEndBeat":null}],"keys":[{"beat":1,"scale":"minor","tonic":"G"}],"tempos":[{"beat":1,"bpm":167,"swingFactor":0,"swingBeat":0.5}],"meters":[{"beat":1,"numBeats":4,"beatUnit":1}],"breaks":[],"bands":[{"beat":1,"lead1":[{"mute":false,"octaveOffset":0,"velocity":0.5,"specification":"Piano Lead","midiChannel":1,"useHookpadOutput":true,"useMIDIOutput":true,"solo":false,"wasMutedBeforeSolo":false,"pan":0,"timing":0}],"lead2":[{"mute":false,"octaveOffset":0,"velocity":0.5,"specification":"Piano Lead","midiChannel":2,"useHookpadOutput":true,"useMIDIOutput":true,"solo":false,"wasMutedBeforeSolo":false,"pan":0,"timing":0}],"lead3":[{"mute":false,"octaveOffset":0,"velocity":0.5,"specification":"Piano Lead","midiChannel":3,"useHookpadOutput":true,"useMIDIOutput":true,"solo":false,"wasMutedBeforeSolo":false,"pan":0,"timing":0}],"lead4":[{"mute":false,"octaveOffset":0,"velocity":0.5,"specification":"Piano Lead","midiChannel":4,"useHookpadOutput":true,"useMIDIOutput":true,"solo":false,"wasMutedBeforeSolo":false,"pan":0,"timing":0}],"harmony":[{"octaveOffset":0,"velocity":0.5,"specification":"Piano 1/4s","midiChannel":5,"useHookpadOutput":true,"useMIDIOutput":true,"solo":false,"wasMutedBeforeSolo":false,"pan":0,"timing":0}],"bass":[{"octaveOffset":0,"velocity":0.5,"specification":"Piano Bass-Dotted","midiChannel":9,"useHookpadOutput":true,"useMIDIOutput":false,"solo":false,"wasMutedBeforeSolo":false,"pan":0,"timing":0}],"drums":[{"octaveOffset":0,"velocity":0.5,"specification":"Basic Pop","midiChannel":10,"useHookpadOutput":false,"useMIDIOutput":false,"solo":false,"wasMutedBeforeSolo":false,"pan":0,"timing":0}]}],"lyrics":{"isOpen":false,"isFocused":false,"values":["","","",""],"sectionLyrics":[{"sectionName":"Song","lyrics":["","","",""]}]},"sections":[],"cursor":{"beat":1,"location":"cursor-note-staff"},"settings":{"widthBeat":36,"zoom":1,"youtubeVolume":70,"globalDetune":0,"metronome":false,"relativeNotation":true,"staffMode":"note-staff-mode-collapsed","wrapMode":"wrap-mode-fixed-mreasures-per-line","wrapModeMeasuresPerLine":8,"colorMode":"diatonic-centric","colorTheme":"color-theme-light","showMeasureStaff":true,"showLoopStaff":true,"showNoteStaff":true,"showChordStaff":true,"inactiveMelodyDisplay":"inactive-melody-colored-by-index","showOnlyStableInStaff":false,"midiOutputLatency":0,"compressorValue":0.5,"compressorIsActive":false,"enableExternalMP3":true,"externalMP3URL":"","externalMP3StartBeat":1,"externalMP3Duration":0,"isExternalMP3Loaded":false,"leadTrackNames":["Lead 1","Lead 2","Lead 3","Lead 4"],"playbackTransposition":0},"loopGui":{"looping":false,"beat":1,"duration":16},"youtube":{"id":"https://www.youtube.com/watch?v=K9M4SASBmTY","syncStart":0.22889359418094482,"syncEnd":0.28449721075504897,"syncMode":"youtube-sync-mode-test"},"keyFrames":[{"beat":1},{"beat":33}],"activeMelodyIndex":0,"endBeat":33,"inactiveNotes":[[{"sd":"3","octave":0,"beat":1,"duration":1,"isRest":true,"recordingEndBeat":null},{"sd":"3","octave":0,"beat":2,"duration":0.67,"isRest":false,"recordingEndBeat":null},{"sd":"3","octave":0,"beat":2.67,"duration":0.33,"isRest":false,"recordingEndBeat":null},{"sd":"1","octave":0,"beat":3,"duration":0.67,"isRest":false,"recordingEndBeat":null},{"sd":"3","octave":0,"beat":3.67,"duration":0.33,"isRest":false,"recordingEndBeat":null},{"sd":"3","octave":0,"beat":4,"duration":0.67,"isRest":false,"recordingEndBeat":null},{"sd":"1","octave":0,"beat":4.67,"duration":0.33,"isRest":false,"recordingEndBeat":null},{"sd":"4","octave":0,"beat":5,"duration":1,"isRest":false,"recordingEndBeat":null},{"sd":"1","octave":0,"beat":6,"duration":1,"isRest":false,"recordingEndBeat":null},{"sd":"3","octave":0,"beat":7,"duration":3,"isRest":true,"recordingEndBeat":null},{"sd":"3","octave":0,"beat":10,"duration":0.67,"isRest":false,"recordingEndBeat":null},{"sd":"3","octave":0,"beat":10.67,"duration":0.33,"isRest":false,"recordingEndBeat":null},{"sd":"1","octave":0,"beat":11,"duration":0.67,"isRest":false,"recordingEndBeat":null},{"sd":"3","octave":0,"beat":11.67,"duration":0.33,"isRest":false,"recordingEndBeat":null},{"sd":"3","octave":0,"beat":12,"duration":0.67,"isRest":false,"recordingEndBeat":null},{"sd":"1","octave":0,"beat":12.67,"duration":0.33,"isRest":false,"recordingEndBeat":null},{"sd":"7","octave":0,"beat":13,"duration":1.5,"isRest":false,"recordingEndBeat":null},{"sd":"5","octave":0,"beat":14.5,"duration":1.5,"isRest":false,"recordingEndBeat":null},{"sd":"1","octave":0,"beat":16,"duration":1,"isRest":false,"recordingEndBeat":null},{"sd":"3","octave":0,"beat":17,"duration":0.67,"isRest":true,"recordingEndBeat":null},{"sd":"3","octave":0,"beat":17.67,"duration":0.33,"isRest":false,"recordingEndBeat":null},{"sd":"3","octave":0,"beat":18,"duration":0.67,"isRest":false,"recordingEndBeat":null},{"sd":"3","octave":0,"beat":18.67,"duration":0.33,"isRest":false,"recordingEndBeat":null},{"sd":"1","octave":0,"beat":19,"duration":0.67,"isRest":false,"recordingEndBeat":null},{"sd":"3","octave":0,"beat":19.67,"duration":0.33,"isRest":false,"recordingEndBeat":null},{"sd":"3","octave":0,"beat":20,"duration":0.67,"isRest":false,"recordingEndBeat":null},{"sd":"3","octave":0,"beat":20.67,"duration":0.33,"isRest":false,"recordingEndBeat":null},{"sd":"7","octave":0,"beat":21,"duration":1.5,"isRest":false,"recordingEndBeat":null},{"sd":"5","octave":0,"beat":22.5,"duration":1,"isRest":false,"recordingEndBeat":null},{"sd":"5","octave":0,"beat":23.5,"duration":0.5,"isRest":false,"recordingEndBeat":null},{"sd":"1","octave":0,"beat":24,"duration":1,"isRest":false,"recordingEndBeat":null},{"sd":"3","octave":0,"beat":25,"duration":0.67,"isRest":true,"recordingEndBeat":null},{"sd":"3","octave":0,"beat":25.67,"duration":0.33,"isRest":false,"recordingEndBeat":null},{"sd":"3","octave":0,"beat":26,"duration":0.67,"isRest":false,"recordingEndBeat":null},{"sd":"1","octave":0,"beat":26.67,"duration":0.33,"isRest":false,"recordingEndBeat":null},{"sd":"5","octave":0,"beat":27,"duration":1,"isRest":false,"recordingEndBeat":null},{"sd":"4","octave":0,"beat":28,"duration":2,"isRest":false,"recordingEndBeat":null}],[],[],[]],"visibleMelodies":[0,1,2,3],"soloAndMutedMelodies":{"harmonyVolume":0.7,"externalFileVolume":0.6,"drumsVolume":0.7,"metronomeVolume":0.3,"lead1Volume":0.7,"lead2Volume":0.7,"lead3Volume":0.7,"lead4Volume":0.7,"mute":{"master":false,"harmony":false,"external":false,"drums":false,"metronome":true,"lead1":false,"lead2":false,"lead3":false,"lead4":false,"bass":false},"bassVolume":0.7,"volume":1,"solo":{"harmony":false,"external":false,"drums":false,"metronome":false,"lead1":false,"lead2":false,"lead3":false,"lead4":false,"bass":false},"wasMutedBeforeSoloed":{"harmony":false,"external":false,"drums":false,"metronome":false,"lead1":false,"lead2":false,"lead3":false,"lead4":false,"bass":false}},"FXBypass":{},"customFXParams":{},"customSynthParams":{},"pickup":false,"fp":"fb0fb3a93401608da8505bebf2defc6e0e6268a2"}