﻿{"version":"2.24.3","chords":[{"root":3,"beat":1,"duration":4,"type":5,"inversion":0,"applied":0,"adds":[],"omits":[],"alterations":[],"suspensions":[],"substitutions":[],"pedal":null,"alternate":"","borrowed":"minor","isRest":false,"recordingEndBeat":null},{"root":4,"beat":5,"duration":4,"type":5,"inversion":0,"applied":0,"adds":[],"omits":[],"alterations":[],"suspensions":[],"substitutions":[],"pedal":null,"alternate":"","borrowed":null,"isRest":false,"recordingEndBeat":null},{"root":1,"beat":9,"duration":8,"type":5,"inversion":0,"applied":0,"adds":[],"omits":[],"alterations":[],"suspensions":[],"substitutions":[],"pedal":null,"alternate":"","borrowed":null,"isRest":false,"recordingEndBeat":null},{"root":5,"beat":17,"duration":8,"type":5,"inversion":0,"applied":0,"adds":[],"omits":[],"alterations":[],"suspensions":[],"substitutions":[],"pedal":null,"alternate":"","borrowed":null,"isRest":false,"recordingEndBeat":null},{"root":4,"beat":25,"duration":4,"type":5,"inversion":0,"applied":4,"adds":[],"omits":[],"alterations":[],"suspensions":[],"substitutions":[],"pedal":null,"alternate":"","borrowed":null,"isRest":false,"recordingEndBeat":null},{"root":4,"beat":29,"duration":4,"type":5,"inversion":0,"applied":0,"adds":[],"omits":[],"alterations":[],"suspensions":[],"substitutions":[],"pedal":null,"alternate":"","borrowed":null,"isRest":false,"recordingEndBeat":null},{"root":5,"beat":33,"duration":8,"type":5,"inversion":0,"applied":0,"adds":[],"omits":[],"alterations":[],"suspensions":[],"substitutions":[],"pedal":null,"alternate":"","borrowed":null,"isRest":false,"recordingEndBeat":null},{"root":4,"beat":41,"duration":4,"type":5,"inversion":0,"applied":4,"adds":[],"omits":[],"alterations":[],"suspensions":[],"substitutions":[],"pedal":null,"alternate":"","borrowed":null,"isRest":false,"recordingEndBeat":null},{"root":4,"beat":45,"duration":4,"type":5,"inversion":0,"applied":0,"adds":[],"omits":[],"alterations":[],"suspensions":[],"substitutions":[],"pedal":null,"alternate":"","borrowed":null,"isRest":false,"recordingEndBeat":null}],"notes":[{"sd":"1","octave":0,"beat":1,"duration":3,"isRest":true,"recordingEndBeat":null},{"sd":"1","octave":0,"beat":4,"duration":0.5,"isRest":false,"recordingEndBeat":null},{"sd":"b7","octave":-1,"beat":4.5,"duration":0.5,"isRest":false,"recordingEndBeat":null},{"sd":"1","octave":0,"beat":5,"duration":1,"isRest":false,"recordingEndBeat":null},{"sd":"1","octave":0,"beat":6,"duration":1,"isRest":false,"recordingEndBeat":null},{"sd":"1","octave":0,"beat":7,"duration":0.5,"isRest":false,"recordingEndBeat":null},{"sd":"1","octave":0,"beat":7.5,"duration":0.5,"isRest":false,"recordingEndBeat":null},{"sd":"1","octave":0,"beat":8,"duration":0.5,"isRest":false,"recordingEndBeat":null},{"sd":"2","octave":0,"beat":8.5,"duration":1,"isRest":false,"recordingEndBeat":null},{"sd":"3","octave":0,"beat":9.5,"duration":1.5,"isRest":false,"recordingEndBeat":null},{"sd":"1","octave":0,"beat":11,"duration":2,"isRest":true,"recordingEndBeat":null},{"sd":"1","octave":0,"beat":13,"duration":3.5,"isRest":true,"recordingEndBeat":null},{"sd":"1","octave":0,"beat":16.5,"duration":0.5,"isRest":false,"recordingEndBeat":null},{"sd":"1","octave":0,"beat":17,"duration":1,"isRest":false,"recordingEndBeat":null},{"sd":"2","octave":0,"beat":18,"duration":3,"isRest":false,"recordingEndBeat":null},{"sd":"1","octave":0,"beat":21,"duration":2,"isRest":true,"recordingEndBeat":null},{"sd":"1","octave":0,"beat":23,"duration":0.5,"isRest":false,"recordingEndBeat":null},{"sd":"2","octave":0,"beat":23.5,"duration":1,"isRest":false,"recordingEndBeat":null},{"sd":"4","octave":0,"beat":24.5,"duration":2.5,"isRest":false,"recordingEndBeat":null},{"sd":"3","octave":0,"beat":27,"duration":1,"isRest":false,"recordingEndBeat":null},{"sd":"1","octave":0,"beat":28,"duration":0.5,"isRest":false,"recordingEndBeat":null},{"sd":"1","octave":0,"beat":28.5,"duration":1,"isRest":false,"recordingEndBeat":null},{"sd":"2","octave":0,"beat":29.5,"duration":1.5,"isRest":false,"recordingEndBeat":null},{"sd":"1","octave":0,"beat":31,"duration":1.5,"isRest":true,"recordingEndBeat":null},{"sd":"1","octave":0,"beat":32.5,"duration":0.5,"isRest":false,"recordingEndBeat":null},{"sd":"1","octave":0,"beat":33,"duration":1,"isRest":false,"recordingEndBeat":null},{"sd":"2","octave":0,"beat":34,"duration":3,"isRest":false,"recordingEndBeat":null},{"sd":"1","octave":0,"beat":37,"duration":2,"isRest":true,"recordingEndBeat":null},{"sd":"1","octave":0,"beat":39,"duration":0.5,"isRest":false,"recordingEndBeat":null},{"sd":"2","octave":0,"beat":39.5,"duration":1,"isRest":false,"recordingEndBeat":null},{"sd":"4","octave":0,"beat":40.5,"duration":2.5,"isRest":false,"recordingEndBeat":null},{"sd":"3","octave":0,"beat":43,"duration":1,"isRest":false,"recordingEndBeat":null},{"sd":"1","octave":0,"beat":44,"duration":0.5,"isRest":false,"recordingEndBeat":null},{"sd":"1","octave":0,"beat":44.5,"duration":2.5,"isRest":false,"recordingEndBeat":null}],"keys":[{"beat":1,"scale":"major","tonic":"E"}],"tempos":[{"beat":1,"bpm":114,"swingFactor":0,"swingBeat":0.5}],"meters":[{"beat":1,"numBeats":4,"beatUnit":1}],"breaks":[],"bands":[{"beat":1,"lead1":[{"mute":false,"octaveOffset":0,"velocity":0.8,"specification":"Piano Lead","midiChannel":1,"useHookpadOutput":true,"useMIDIOutput":true,"solo":false,"wasMutedBeforeSolo":false,"pan":0,"timing":0}],"lead2":[{"mute":false,"specification":"Piano Lead","midiChannel":2,"useHookpadOutput":true,"useMIDIOutput":true,"solo":false,"wasMutedBeforeSolo":false,"pan":0,"timing":0}],"lead3":[{"mute":false,"specification":"Piano Lead","midiChannel":3,"useHookpadOutput":true,"useMIDIOutput":true,"solo":false,"wasMutedBeforeSolo":false,"pan":0,"timing":0}],"lead4":[{"mute":false,"specification":"Piano Lead","midiChannel":4,"useHookpadOutput":true,"useMIDIOutput":true,"solo":false,"wasMutedBeforeSolo":false,"pan":0,"timing":0}],"harmony":[{"octaveOffset":0,"velocity":0.8,"specification":"Piano 1/4s","midiChannel":5,"useHookpadOutput":true,"useMIDIOutput":true,"solo":false,"wasMutedBeforeSolo":false,"pan":0,"timing":0}],"bass":[{"octaveOffset":0,"velocity":0.8,"specification":"Piano Bass-Dotted","midiChannel":9,"useHookpadOutput":true,"useMIDIOutput":false,"solo":false,"wasMutedBeforeSolo":false,"pan":0,"timing":0}],"drums":[{"octaveOffset":0,"velocity":0,"specification":"Basic Pop 22","midiChannel":10,"useHookpadOutput":true,"useMIDIOutput":true,"solo":false,"wasMutedBeforeSolo":false,"pan":0,"timing":0}]}],"lyrics":{"isOpen":false,"isFocused":false,"rerender":0.8782143206047484,"values":["","","",""],"sectionLyrics":[{"sectionName":"Song","lyrics":["","","",""]}]},"sections":[],"cursor":{"beat":1,"location":"cursor-chord-staff"},"settings":{"widthBeat":36,"zoom":1,"youtubeVolume":70,"globalDetune":0,"metronome":false,"relativeNotation":true,"staffMode":"note-staff-mode-collapsed","wrapMode":"wrap-mode-fixed-mreasures-per-line","wrapModeMeasuresPerLine":8,"colorMode":"diatonic-centric","showMeasureStaff":true,"showLoopStaff":true,"showNoteStaff":true,"showChordStaff":true,"inactiveMelodyDisplay":"inactive-melody-colored-by-index","showOnlyStableInStaff":false,"midiOutputLatency":0,"compressorValue":0.5,"compressorIsActive":false,"enableExternalMP3":true,"externalMP3URL":"","externalMP3StartBeat":1,"externalMP3Duration":0,"isExternalMP3Loaded":false,"leadTrackNames":["Lead 1","Lead 2","Lead 3","Lead 4"],"playbackTransposition":0},"loopGui":{"looping":false,"beat":1,"duration":16},"youtube":{"id":"null","syncStart":0.05,"syncEnd":0.15,"syncMode":"youtube-sync-mode-test"},"keyFrames":[{"beat":1},{"beat":49}],"activeMelodyIndex":0,"endBeat":49,"inactiveNotes":[[{"sd":"1","octave":0,"beat":1,"duration":3,"isRest":true,"recordingEndBeat":null},{"sd":"1","octave":0,"beat":4,"duration":0.5,"isRest":false,"recordingEndBeat":null},{"sd":"b7","octave":-1,"beat":4.5,"duration":0.5,"isRest":false,"recordingEndBeat":null},{"sd":"1","octave":0,"beat":5,"duration":1,"isRest":false,"recordingEndBeat":null},{"sd":"1","octave":0,"beat":6,"duration":1,"isRest":false,"recordingEndBeat":null},{"sd":"1","octave":0,"beat":7,"duration":0.5,"isRest":false,"recordingEndBeat":null},{"sd":"1","octave":0,"beat":7.5,"duration":0.5,"isRest":false,"recordingEndBeat":null},{"sd":"1","octave":0,"beat":8,"duration":0.5,"isRest":false,"recordingEndBeat":null},{"sd":"2","octave":0,"beat":8.5,"duration":1,"isRest":false,"recordingEndBeat":null},{"sd":"3","octave":0,"beat":9.5,"duration":1.5,"isRest":false,"recordingEndBeat":null},{"sd":"1","octave":0,"beat":11,"duration":2,"isRest":true,"recordingEndBeat":null},{"sd":"1","octave":0,"beat":13,"duration":3.5,"isRest":true,"recordingEndBeat":null},{"sd":"1","octave":0,"beat":16.5,"duration":0.5,"isRest":false,"recordingEndBeat":null},{"sd":"1","octave":0,"beat":17,"duration":1,"isRest":false,"recordingEndBeat":null},{"sd":"2","octave":0,"beat":18,"duration":3,"isRest":false,"recordingEndBeat":null},{"sd":"1","octave":0,"beat":21,"duration":2,"isRest":true,"recordingEndBeat":null},{"sd":"1","octave":0,"beat":23,"duration":0.5,"isRest":false,"recordingEndBeat":null},{"sd":"2","octave":0,"beat":23.5,"duration":1,"isRest":false,"recordingEndBeat":null},{"sd":"4","octave":0,"beat":24.5,"duration":2.5,"isRest":false,"recordingEndBeat":null},{"sd":"3","octave":0,"beat":27,"duration":1,"isRest":false,"recordingEndBeat":null},{"sd":"1","octave":0,"beat":28,"duration":0.5,"isRest":false,"recordingEndBeat":null},{"sd":"1","octave":0,"beat":28.5,"duration":1,"isRest":false,"recordingEndBeat":null},{"sd":"2","octave":0,"beat":29.5,"duration":1.5,"isRest":false,"recordingEndBeat":null},{"sd":"1","octave":0,"beat":31,"duration":1.5,"isRest":true,"recordingEndBeat":null},{"sd":"1","octave":0,"beat":32.5,"duration":0.5,"isRest":false,"recordingEndBeat":null},{"sd":"1","octave":0,"beat":33,"duration":1,"isRest":false,"recordingEndBeat":null},{"sd":"2","octave":0,"beat":34,"duration":3,"isRest":false,"recordingEndBeat":null},{"sd":"1","octave":0,"beat":37,"duration":2,"isRest":true,"recordingEndBeat":null},{"sd":"1","octave":0,"beat":39,"duration":0.5,"isRest":false,"recordingEndBeat":null},{"sd":"2","octave":0,"beat":39.5,"duration":1,"isRest":false,"recordingEndBeat":null},{"sd":"4","octave":0,"beat":40.5,"duration":2.5,"isRest":false,"recordingEndBeat":null},{"sd":"3","octave":0,"beat":43,"duration":1,"isRest":false,"recordingEndBeat":null},{"sd":"1","octave":0,"beat":44,"duration":0.5,"isRest":false,"recordingEndBeat":null},{"sd":"1","octave":0,"beat":44.5,"duration":2.5,"isRest":false,"recordingEndBeat":null}],[],[],[]],"visibleMelodies":[0,1,2,3],"soloAndMutedMelodies":{"harmonyVolume":0.7,"externalFileVolume":0.6,"drumsVolume":0.7,"metronomeVolume":0.3,"lead1Volume":0.7,"lead2Volume":0.7,"lead3Volume":0.7,"lead4Volume":0.7,"mute":{"master":false,"harmony":false,"external":false,"drums":false,"metronome":true,"lead1":false,"lead2":false,"lead3":false,"lead4":false,"bass":false},"bassVolume":0.7,"volume":1,"solo":{"harmony":false,"external":false,"drums":false,"metronome":false,"lead1":false,"lead2":false,"lead3":false,"lead4":false,"bass":false},"wasMutedBeforeSoloed":{"harmony":false,"external":false,"drums":false,"metronome":false,"lead1":false,"lead2":false,"lead3":false,"lead4":false,"bass":false}},"FXBypass":{},"customFXParams":{},"customSynthParams":{},"pickup":false,"fp":"d5ea6eae2433e95db3a42866dc9f96addba7f808"}