﻿{"version":"2.24.3","chords":[{"root":4,"beat":5,"duration":2.5,"type":5,"inversion":0,"applied":0,"adds":[],"omits":[],"alterations":[],"suspensions":[],"substitutions":[],"pedal":null,"alternate":"","borrowed":"","isRest":false,"recordingEndBeat":null},{"root":1,"beat":7.5,"duration":1.5,"type":5,"inversion":1,"applied":0,"adds":[],"omits":[],"alterations":[],"suspensions":[],"substitutions":[],"pedal":null,"alternate":"","borrowed":"","isRest":false,"recordingEndBeat":null},{"root":6,"beat":9,"duration":2.5,"type":5,"inversion":0,"applied":0,"adds":[],"omits":[],"alterations":[],"suspensions":[],"substitutions":[],"pedal":null,"alternate":"","borrowed":"","isRest":false,"recordingEndBeat":null},{"root":1,"beat":11.5,"duration":1.5,"type":5,"inversion":0,"applied":0,"adds":[],"omits":[],"alterations":[],"suspensions":[],"substitutions":[],"pedal":null,"alternate":"","borrowed":"","isRest":false,"recordingEndBeat":null},{"root":4,"beat":13,"duration":2.5,"type":5,"inversion":0,"applied":0,"adds":[],"omits":[],"alterations":[],"suspensions":[],"substitutions":[],"pedal":null,"alternate":"","borrowed":"","isRest":false,"recordingEndBeat":null},{"root":1,"beat":15.5,"duration":1.5,"type":5,"inversion":1,"applied":0,"adds":[],"omits":[],"alterations":[],"suspensions":[],"substitutions":[],"pedal":null,"alternate":"","borrowed":"","isRest":false,"recordingEndBeat":null},{"root":6,"beat":17,"duration":2.5,"type":5,"inversion":0,"applied":0,"adds":[],"omits":[],"alterations":[],"suspensions":[],"substitutions":[],"pedal":null,"alternate":"","borrowed":"","isRest":false,"recordingEndBeat":null},{"root":1,"beat":19.5,"duration":1.5,"type":5,"inversion":0,"applied":0,"adds":[],"omits":[],"alterations":[],"suspensions":[],"substitutions":[],"pedal":null,"alternate":"","borrowed":"","isRest":false,"recordingEndBeat":null},{"root":4,"beat":21,"duration":2.5,"type":5,"inversion":0,"applied":0,"adds":[],"omits":[],"alterations":[],"suspensions":[],"substitutions":[],"pedal":null,"alternate":"","borrowed":"","isRest":false,"recordingEndBeat":null},{"root":1,"beat":23.5,"duration":1.5,"type":5,"inversion":1,"applied":0,"adds":[],"omits":[],"alterations":[],"suspensions":[],"substitutions":[],"pedal":null,"alternate":"","borrowed":"","isRest":false,"recordingEndBeat":null},{"root":6,"beat":25,"duration":2.5,"type":5,"inversion":0,"applied":0,"adds":[],"omits":[],"alterations":[],"suspensions":[],"substitutions":[],"pedal":null,"alternate":"","borrowed":"","isRest":false,"recordingEndBeat":null},{"root":1,"beat":27.5,"duration":1.5,"type":5,"inversion":0,"applied":0,"adds":[],"omits":[],"alterations":[],"suspensions":[],"substitutions":[],"pedal":null,"alternate":"","borrowed":"","isRest":false,"recordingEndBeat":null},{"root":4,"beat":29,"duration":2.5,"type":5,"inversion":0,"applied":0,"adds":[],"omits":[],"alterations":[],"suspensions":[],"substitutions":[],"pedal":null,"alternate":"","borrowed":"","isRest":false,"recordingEndBeat":null},{"root":1,"beat":31.5,"duration":1.5,"type":5,"inversion":1,"applied":0,"adds":[],"omits":[],"alterations":[],"suspensions":[],"substitutions":[],"pedal":null,"alternate":"","borrowed":"","isRest":false,"recordingEndBeat":null}],"notes":[{"sd":"2","octave":0,"beat":1,"duration":0.33,"isRest":false,"recordingEndBeat":null},{"sd":"3","octave":0,"beat":1.33,"duration":0.34,"isRest":false,"recordingEndBeat":null},{"sd":"3","octave":0,"beat":1.67,"duration":0.33,"isRest":false,"recordingEndBeat":null},{"sd":"3","octave":0,"beat":2,"duration":0.33,"isRest":false,"recordingEndBeat":null},{"sd":"2","octave":0,"beat":2.33,"duration":0.34,"isRest":false,"recordingEndBeat":null},{"sd":"1","octave":0,"beat":2.67,"duration":0.33,"isRest":false,"recordingEndBeat":null},{"sd":"2","octave":0,"beat":3,"duration":0.33,"isRest":false,"recordingEndBeat":null},{"sd":"2","octave":0,"beat":3.33,"duration":0.34,"isRest":false,"recordingEndBeat":null},{"sd":"1","octave":0,"beat":3.67,"duration":0.33,"isRest":false,"recordingEndBeat":null},{"sd":"2","octave":0,"beat":4,"duration":0.5,"isRest":false,"recordingEndBeat":null},{"sd":"1","octave":0,"beat":4.5,"duration":1,"isRest":false,"recordingEndBeat":null},{"sd":"2","octave":0,"beat":9,"duration":0.33,"isRest":false,"recordingEndBeat":null},{"sd":"3","octave":0,"beat":9.33,"duration":0.34,"isRest":false,"recordingEndBeat":null},{"sd":"3","octave":0,"beat":9.67,"duration":0.33,"isRest":false,"recordingEndBeat":null},{"sd":"3","octave":0,"beat":10,"duration":0.33,"isRest":false,"recordingEndBeat":null},{"sd":"2","octave":0,"beat":10.33,"duration":0.34,"isRest":false,"recordingEndBeat":null},{"sd":"1","octave":0,"beat":10.67,"duration":0.33,"isRest":false,"recordingEndBeat":null},{"sd":"2","octave":0,"beat":11,"duration":0.33,"isRest":false,"recordingEndBeat":null},{"sd":"2","octave":0,"beat":11.33,"duration":0.34,"isRest":false,"recordingEndBeat":null},{"sd":"1","octave":0,"beat":11.67,"duration":0.33,"isRest":false,"recordingEndBeat":null},{"sd":"2","octave":0,"beat":12,"duration":0.5,"isRest":false,"recordingEndBeat":null},{"sd":"1","octave":0,"beat":12.5,"duration":1,"isRest":false,"recordingEndBeat":null},{"sd":"2","octave":0,"beat":17,"duration":0.33,"isRest":false,"recordingEndBeat":null},{"sd":"3","octave":0,"beat":17.33,"duration":0.34,"isRest":false,"recordingEndBeat":null},{"sd":"3","octave":0,"beat":17.67,"duration":0.33,"isRest":false,"recordingEndBeat":null},{"sd":"3","octave":0,"beat":18,"duration":0.33,"isRest":false,"recordingEndBeat":null},{"sd":"2","octave":0,"beat":18.33,"duration":0.34,"isRest":false,"recordingEndBeat":null},{"sd":"1","octave":0,"beat":18.67,"duration":0.33,"isRest":false,"recordingEndBeat":null},{"sd":"2","octave":0,"beat":19,"duration":0.33,"isRest":false,"recordingEndBeat":null},{"sd":"2","octave":0,"beat":19.33,"duration":0.34,"isRest":false,"recordingEndBeat":null},{"sd":"1","octave":0,"beat":19.67,"duration":0.33,"isRest":false,"recordingEndBeat":null},{"sd":"2","octave":0,"beat":20,"duration":0.5,"isRest":false,"recordingEndBeat":null},{"sd":"1","octave":0,"beat":20.5,"duration":0.75,"isRest":false,"recordingEndBeat":null},{"sd":"1","octave":0,"beat":21.25,"duration":0.75,"isRest":true,"recordingEndBeat":null},{"sd":"1","octave":0,"beat":22,"duration":0.33,"isRest":true,"recordingEndBeat":null},{"sd":"3","octave":0,"beat":22.33,"duration":0.34,"isRest":false,"recordingEndBeat":null},{"sd":"4","octave":0,"beat":22.67,"duration":0.33,"isRest":false,"recordingEndBeat":null},{"sd":"5","octave":0,"beat":23,"duration":0.33,"isRest":false,"recordingEndBeat":null},{"sd":"1","octave":0,"beat":23.33,"duration":0.34,"isRest":false,"recordingEndBeat":null},{"sd":"1","octave":0,"beat":23.67,"duration":0.33,"isRest":false,"recordingEndBeat":null},{"sd":"1","octave":0,"beat":24,"duration":0.5,"isRest":false,"recordingEndBeat":null},{"sd":"7","octave":-1,"beat":24.5,"duration":1,"isRest":false,"recordingEndBeat":null},{"sd":"1","octave":-1,"beat":26,"duration":0.33,"isRest":true,"recordingEndBeat":null},{"sd":"1","octave":-1,"beat":26.33,"duration":0.34,"isRest":true,"recordingEndBeat":null},{"sd":"3","octave":0,"beat":26.67,"duration":0.33,"isRest":false,"recordingEndBeat":null},{"sd":"5","octave":0,"beat":27,"duration":0.33,"isRest":false,"recordingEndBeat":null},{"sd":"1","octave":0,"beat":27.33,"duration":0.34,"isRest":false,"recordingEndBeat":null},{"sd":"1","octave":0,"beat":27.67,"duration":0.33,"isRest":false,"recordingEndBeat":null},{"sd":"1","octave":0,"beat":28,"duration":0.5,"isRest":false,"recordingEndBeat":null},{"sd":"7","octave":-1,"beat":28.5,"duration":0.5,"isRest":false,"recordingEndBeat":null},{"sd":"6","octave":-1,"beat":29,"duration":1,"isRest":false,"recordingEndBeat":null},{"sd":"1","octave":0,"beat":30,"duration":0.33,"isRest":true,"recordingEndBeat":null},{"sd":"3","octave":0,"beat":30.33,"duration":0.34,"isRest":false,"recordingEndBeat":null},{"sd":"4","octave":0,"beat":30.67,"duration":0.33,"isRest":false,"recordingEndBeat":null},{"sd":"5","octave":0,"beat":31,"duration":0.33,"isRest":false,"recordingEndBeat":null},{"sd":"1","octave":0,"beat":31.33,"duration":0.34,"isRest":false,"recordingEndBeat":null},{"sd":"1","octave":0,"beat":31.67,"duration":0.33,"isRest":false,"recordingEndBeat":null},{"sd":"1","octave":0,"beat":32,"duration":0.5,"isRest":false,"recordingEndBeat":null},{"sd":"7","octave":-1,"beat":32.5,"duration":0.5,"isRest":false,"recordingEndBeat":null}],"keys":[{"beat":1,"scale":"major","tonic":"C"}],"tempos":[{"beat":1,"bpm":96,"swingFactor":0,"swingBeat":0.5}],"meters":[{"beat":1,"numBeats":4,"beatUnit":1}],"breaks":[],"bands":[{"beat":1,"lead1":[{"mute":false,"octaveOffset":0,"velocity":0.5,"specification":"Piano Lead","midiChannel":1,"useHookpadOutput":true,"useMIDIOutput":true,"solo":false,"wasMutedBeforeSolo":false,"pan":0,"timing":0}],"lead2":[{"mute":false,"octaveOffset":0,"velocity":0.5,"specification":"Piano Lead","midiChannel":2,"useHookpadOutput":true,"useMIDIOutput":true,"solo":false,"wasMutedBeforeSolo":false,"pan":0,"timing":0}],"lead3":[{"mute":false,"octaveOffset":0,"velocity":0.5,"specification":"Piano Lead","midiChannel":3,"useHookpadOutput":true,"useMIDIOutput":true,"solo":false,"wasMutedBeforeSolo":false,"pan":0,"timing":0}],"lead4":[{"mute":false,"octaveOffset":0,"velocity":0.5,"specification":"Piano Lead","midiChannel":4,"useHookpadOutput":true,"useMIDIOutput":true,"solo":false,"wasMutedBeforeSolo":false,"pan":0,"timing":0}],"harmony":[{"octaveOffset":0,"velocity":0.5,"specification":"Piano 1/4s","midiChannel":5,"useHookpadOutput":true,"useMIDIOutput":true,"solo":false,"wasMutedBeforeSolo":false,"pan":0,"timing":0}],"bass":[{"octaveOffset":0,"velocity":0.5,"specification":"Piano Bass-Dotted","midiChannel":9,"useHookpadOutput":true,"useMIDIOutput":false,"solo":false,"wasMutedBeforeSolo":false,"pan":0,"timing":0}],"drums":[{"octaveOffset":0,"velocity":0.5,"specification":"Basic Pop 22","midiChannel":10,"useHookpadOutput":false,"useMIDIOutput":false,"solo":false,"wasMutedBeforeSolo":false,"pan":0,"timing":0}]}],"lyrics":{"isOpen":false,"isFocused":false,"rerender":0.4750967308717985,"values":["","","",""],"sectionLyrics":[{"sectionName":"Song","lyrics":["","","",""]}]},"sections":[],"cursor":{"beat":1,"location":"cursor-note-staff"},"settings":{"widthBeat":36,"zoom":1,"youtubeVolume":70,"globalDetune":0,"metronome":false,"relativeNotation":true,"staffMode":"note-staff-mode-collapsed","wrapMode":"wrap-mode-fixed-mreasures-per-line","wrapModeMeasuresPerLine":8,"colorMode":"diatonic-centric","showMeasureStaff":true,"showLoopStaff":true,"showNoteStaff":true,"showChordStaff":true,"inactiveMelodyDisplay":"inactive-melody-colored-by-index","showOnlyStableInStaff":false,"midiOutputLatency":0,"compressorValue":0.5,"compressorIsActive":false,"enableExternalMP3":true,"externalMP3URL":"","externalMP3StartBeat":1,"externalMP3Duration":0,"isExternalMP3Loaded":false,"leadTrackNames":["Lead 1","Lead 2","Lead 3","Lead 4"],"playbackTransposition":0},"loopGui":{"looping":true,"beat":1,"duration":32},"youtube":{"id":"https://www.youtube.com/watch?v=7rS67XFvUOI","syncStart":0.22972533542612167,"syncEnd":0.3379543570636265,"syncMode":"youtube-sync-mode-test"},"keyFrames":[{"beat":1},{"beat":33}],"activeMelodyIndex":0,"endBeat":65,"inactiveNotes":[[],[],[],[]],"visibleMelodies":[0,1,2,3],"soloAndMutedMelodies":{"harmonyVolume":0.7,"externalFileVolume":0.6,"drumsVolume":0.7,"metronomeVolume":0.3,"lead1Volume":0.7,"lead2Volume":0.7,"lead3Volume":0.7,"lead4Volume":0.7,"mute":{"master":false,"harmony":false,"external":false,"drums":false,"metronome":true,"lead1":false,"lead2":false,"lead3":false,"lead4":false,"bass":false},"bassVolume":0.7,"volume":1,"solo":{"harmony":false,"external":false,"drums":false,"metronome":false,"lead1":false,"lead2":false,"lead3":false,"lead4":false,"bass":false},"wasMutedBeforeSoloed":{"harmony":false,"external":false,"drums":false,"metronome":false,"lead1":false,"lead2":false,"lead3":false,"lead4":false,"bass":false}},"FXBypass":{},"customFXParams":{},"customSynthParams":{},"pickup":false,"fp":"55966a323d36832b84ac88697f17896f1b5bcb28"}