﻿{"version":"2.24.3","chords":[{"root":1,"beat":1,"duration":4,"type":5,"inversion":0,"applied":0,"adds":[],"omits":[],"alterations":[],"suspensions":[],"substitutions":[],"pedal":null,"alternate":"","borrowed":null,"isRest":false,"recordingEndBeat":null},{"root":1,"beat":5,"duration":4,"type":5,"inversion":0,"applied":0,"adds":[],"omits":[],"alterations":[],"suspensions":[],"substitutions":[],"pedal":null,"alternate":"","borrowed":null,"isRest":false,"recordingEndBeat":null},{"root":1,"beat":9,"duration":4,"type":5,"inversion":0,"applied":0,"adds":[],"omits":[],"alterations":[],"suspensions":[],"substitutions":[],"pedal":null,"alternate":"","borrowed":null,"isRest":false,"recordingEndBeat":null},{"root":1,"beat":13,"duration":4,"type":5,"inversion":0,"applied":0,"adds":[],"omits":[],"alterations":[],"suspensions":[],"substitutions":[],"pedal":null,"alternate":"","borrowed":null,"isRest":false,"recordingEndBeat":null},{"root":3,"beat":17,"duration":4,"type":5,"inversion":0,"applied":0,"adds":[],"omits":[],"alterations":[],"suspensions":[],"substitutions":[],"pedal":null,"alternate":"","borrowed":null,"isRest":false,"recordingEndBeat":null},{"root":7,"beat":21,"duration":4,"type":5,"inversion":0,"applied":0,"adds":[],"omits":[],"alterations":[],"suspensions":[],"substitutions":[],"pedal":null,"alternate":"","borrowed":null,"isRest":false,"recordingEndBeat":null},{"root":4,"beat":25,"duration":4,"type":5,"inversion":0,"applied":0,"adds":[],"omits":[],"alterations":[],"suspensions":[],"substitutions":[],"pedal":null,"alternate":"","borrowed":null,"isRest":false,"recordingEndBeat":null},{"root":4,"beat":29,"duration":4,"type":5,"inversion":0,"applied":0,"adds":[],"omits":[],"alterations":[],"suspensions":[],"substitutions":[],"pedal":null,"alternate":"","borrowed":null,"isRest":false,"recordingEndBeat":null},{"root":1,"beat":33,"duration":4,"type":5,"inversion":0,"applied":0,"adds":[],"omits":[],"alterations":[],"suspensions":[],"substitutions":[],"pedal":null,"alternate":"","borrowed":null,"isRest":false,"recordingEndBeat":null},{"root":1,"beat":37,"duration":4,"type":5,"inversion":0,"applied":0,"adds":[],"omits":[],"alterations":[],"suspensions":[],"substitutions":[],"pedal":null,"alternate":"","borrowed":null,"isRest":false,"recordingEndBeat":null},{"root":1,"beat":41,"duration":4,"type":5,"inversion":0,"applied":0,"adds":[],"omits":[],"alterations":[],"suspensions":[],"substitutions":[],"pedal":null,"alternate":"","borrowed":null,"isRest":false,"recordingEndBeat":null},{"root":1,"beat":45,"duration":4,"type":5,"inversion":0,"applied":0,"adds":[],"omits":[],"alterations":[],"suspensions":[],"substitutions":[],"pedal":null,"alternate":"","borrowed":null,"isRest":false,"recordingEndBeat":null},{"root":3,"beat":49,"duration":4,"type":5,"inversion":0,"applied":0,"adds":[],"omits":[],"alterations":[],"suspensions":[],"substitutions":[],"pedal":null,"alternate":"","borrowed":null,"isRest":false,"recordingEndBeat":null},{"root":7,"beat":53,"duration":4,"type":5,"inversion":0,"applied":0,"adds":[],"omits":[],"alterations":[],"suspensions":[],"substitutions":[],"pedal":null,"alternate":"","borrowed":null,"isRest":false,"recordingEndBeat":null},{"root":4,"beat":57,"duration":4,"type":5,"inversion":0,"applied":0,"adds":[],"omits":[],"alterations":[],"suspensions":[],"substitutions":[],"pedal":null,"alternate":"","borrowed":null,"isRest":false,"recordingEndBeat":null},{"root":4,"beat":61,"duration":4,"type":5,"inversion":0,"applied":0,"adds":[],"omits":[],"alterations":[],"suspensions":[],"substitutions":[],"pedal":null,"alternate":"","borrowed":null,"isRest":false,"recordingEndBeat":null}],"notes":[{"sd":"5","octave":0,"beat":1,"duration":5,"isRest":false,"recordingEndBeat":null},{"sd":"5","octave":0,"beat":6,"duration":0.75,"isRest":false,"recordingEndBeat":null},{"sd":"4","octave":0,"beat":6.75,"duration":0.25,"isRest":false,"recordingEndBeat":null},{"sd":"5","octave":0,"beat":7,"duration":0.75,"isRest":false,"recordingEndBeat":null},{"sd":"5","octave":0,"beat":7.75,"duration":1,"isRest":false,"recordingEndBeat":null},{"sd":"7","octave":0,"beat":8.75,"duration":1.25,"isRest":false,"recordingEndBeat":null},{"sd":"5","octave":0,"beat":10,"duration":3.75,"isRest":false,"recordingEndBeat":null},{"sd":"5","octave":0,"beat":13.75,"duration":0.25,"isRest":false,"recordingEndBeat":null},{"sd":"5","octave":0,"beat":14,"duration":1,"isRest":false,"recordingEndBeat":null},{"sd":"5","octave":0,"beat":15,"duration":0.75,"isRest":false,"recordingEndBeat":null},{"sd":"5","octave":0,"beat":15.75,"duration":1,"isRest":false,"recordingEndBeat":null},{"sd":"7","octave":0,"beat":16.75,"duration":5.25,"isRest":false,"recordingEndBeat":null},{"sd":"7","octave":0,"beat":22,"duration":1,"isRest":false,"recordingEndBeat":null},{"sd":"1","octave":1,"beat":23,"duration":1,"isRest":false,"recordingEndBeat":null},{"sd":"7","octave":0,"beat":24,"duration":0.75,"isRest":false,"recordingEndBeat":null},{"sd":"7","octave":0,"beat":24.75,"duration":1.25,"isRest":false,"recordingEndBeat":null},{"sd":"6","octave":0,"beat":26,"duration":4,"isRest":false,"recordingEndBeat":null},{"sd":"6","octave":0,"beat":30,"duration":1,"isRest":false,"recordingEndBeat":null},{"sd":"6","octave":0,"beat":31,"duration":1,"isRest":false,"recordingEndBeat":null},{"sd":"5","octave":0,"beat":32,"duration":0.75,"isRest":false,"recordingEndBeat":null},{"sd":"6","octave":0,"beat":32.75,"duration":0.25,"isRest":false,"recordingEndBeat":null},{"sd":"6","octave":0,"beat":33,"duration":1,"isRest":false,"recordingEndBeat":null},{"sd":"1","octave":0,"beat":34,"duration":4,"isRest":false,"recordingEndBeat":null},{"sd":"5","octave":0,"beat":38,"duration":0.75,"isRest":false,"recordingEndBeat":null},{"sd":"4","octave":0,"beat":38.75,"duration":0.25,"isRest":false,"recordingEndBeat":null},{"sd":"5","octave":0,"beat":39,"duration":0.75,"isRest":false,"recordingEndBeat":null},{"sd":"5","octave":0,"beat":39.75,"duration":1,"isRest":false,"recordingEndBeat":null},{"sd":"7","octave":0,"beat":40.75,"duration":1,"isRest":false,"recordingEndBeat":null},{"sd":"7","octave":0,"beat":41.75,"duration":1,"isRest":false,"recordingEndBeat":null},{"sd":"5","octave":0,"beat":42.75,"duration":3.25,"isRest":false,"recordingEndBeat":null},{"sd":"5","octave":0,"beat":46,"duration":1,"isRest":false,"recordingEndBeat":null},{"sd":"5","octave":0,"beat":47,"duration":0.75,"isRest":false,"recordingEndBeat":null},{"sd":"5","octave":0,"beat":47.75,"duration":1,"isRest":false,"recordingEndBeat":null},{"sd":"7","octave":0,"beat":48.75,"duration":2.25,"isRest":false,"recordingEndBeat":null},{"sd":"3","octave":1,"beat":51,"duration":2,"isRest":false,"recordingEndBeat":null},{"sd":"2","octave":1,"beat":53,"duration":1,"isRest":false,"recordingEndBeat":null},{"sd":"2","octave":1,"beat":54,"duration":1,"isRest":false,"recordingEndBeat":null},{"sd":"1","octave":1,"beat":55,"duration":1,"isRest":false,"recordingEndBeat":null},{"sd":"7","octave":0,"beat":56,"duration":0.75,"isRest":false,"recordingEndBeat":null},{"sd":"7","octave":0,"beat":56.75,"duration":1.25,"isRest":false,"recordingEndBeat":null},{"sd":"6","octave":0,"beat":58,"duration":4,"isRest":false,"recordingEndBeat":null},{"sd":"6","octave":0,"beat":62,"duration":1,"isRest":false,"recordingEndBeat":null},{"sd":"6","octave":0,"beat":63,"duration":1,"isRest":false,"recordingEndBeat":null},{"sd":"5","octave":0,"beat":64,"duration":0.75,"isRest":false,"recordingEndBeat":null},{"sd":"6","octave":0,"beat":64.75,"duration":0.25,"isRest":false,"recordingEndBeat":null}],"keys":[{"beat":1,"scale":"dorian","tonic":"D"}],"tempos":[{"beat":1,"bpm":130,"swingFactor":0,"swingBeat":0.5}],"meters":[{"beat":1,"numBeats":4,"beatUnit":1}],"breaks":[],"bands":[{"beat":1,"lead1":[{"mute":false,"octaveOffset":0,"velocity":0.8,"specification":"Piano Lead","midiChannel":1,"useHookpadOutput":true,"useMIDIOutput":true,"solo":false,"wasMutedBeforeSolo":false,"pan":0,"timing":0}],"lead2":[{"mute":false,"specification":"Piano Lead","midiChannel":2,"useHookpadOutput":true,"useMIDIOutput":true,"solo":false,"wasMutedBeforeSolo":false,"pan":0,"timing":0}],"lead3":[{"mute":false,"specification":"Piano Lead","midiChannel":3,"useHookpadOutput":true,"useMIDIOutput":true,"solo":false,"wasMutedBeforeSolo":false,"pan":0,"timing":0}],"lead4":[{"mute":false,"specification":"Piano Lead","midiChannel":4,"useHookpadOutput":true,"useMIDIOutput":true,"solo":false,"wasMutedBeforeSolo":false,"pan":0,"timing":0}],"harmony":[{"octaveOffset":0,"velocity":0.8,"specification":"Piano 1/4s","midiChannel":5,"useHookpadOutput":true,"useMIDIOutput":true,"solo":false,"wasMutedBeforeSolo":false,"pan":0,"timing":0}],"bass":[{"octaveOffset":0,"velocity":0.8,"specification":"Piano Bass-Dotted","midiChannel":9,"useHookpadOutput":true,"useMIDIOutput":false,"solo":false,"wasMutedBeforeSolo":false,"pan":0,"timing":0}],"drums":[{"octaveOffset":0,"velocity":0,"specification":"Basic Pop 22","midiChannel":10,"useHookpadOutput":true,"useMIDIOutput":true,"solo":false,"wasMutedBeforeSolo":false,"pan":0,"timing":0}]}],"lyrics":{"isOpen":false,"isFocused":false,"rerender":0.8289719188357364,"values":["","","",""],"sectionLyrics":[{"sectionName":"Song","lyrics":["","","",""]}]},"sections":[],"cursor":{"beat":1,"location":"cursor-chord-staff"},"settings":{"widthBeat":36,"zoom":1,"youtubeVolume":70,"globalDetune":0,"metronome":false,"relativeNotation":true,"staffMode":"note-staff-mode-collapsed","wrapMode":"wrap-mode-fixed-mreasures-per-line","wrapModeMeasuresPerLine":8,"colorMode":"diatonic-centric","showMeasureStaff":true,"showLoopStaff":true,"showNoteStaff":true,"showChordStaff":true,"inactiveMelodyDisplay":"inactive-melody-colored-by-index","showOnlyStableInStaff":false,"midiOutputLatency":0,"compressorValue":0.5,"compressorIsActive":false,"enableExternalMP3":true,"externalMP3URL":"","externalMP3StartBeat":1,"externalMP3Duration":0,"isExternalMP3Loaded":false,"leadTrackNames":["Lead 1","Lead 2","Lead 3","Lead 4"],"playbackTransposition":0},"loopGui":{"looping":false,"beat":1,"duration":16},"youtube":{"id":"UqLRqzTp6Rk","syncStart":0.21355649203187818,"syncEnd":0.30063169411985946,"syncMode":"youtube-sync-mode-test"},"keyFrames":[{"beat":1},{"beat":65}],"activeMelodyIndex":0,"endBeat":65,"inactiveNotes":[[{"sd":"5","octave":0,"beat":1,"duration":5,"isRest":false,"recordingEndBeat":null},{"sd":"5","octave":0,"beat":6,"duration":0.75,"isRest":false,"recordingEndBeat":null},{"sd":"4","octave":0,"beat":6.75,"duration":0.25,"isRest":false,"recordingEndBeat":null},{"sd":"5","octave":0,"beat":7,"duration":0.75,"isRest":false,"recordingEndBeat":null},{"sd":"5","octave":0,"beat":7.75,"duration":1,"isRest":false,"recordingEndBeat":null},{"sd":"7","octave":0,"beat":8.75,"duration":1.25,"isRest":false,"recordingEndBeat":null},{"sd":"5","octave":0,"beat":10,"duration":3.75,"isRest":false,"recordingEndBeat":null},{"sd":"5","octave":0,"beat":13.75,"duration":0.25,"isRest":false,"recordingEndBeat":null},{"sd":"5","octave":0,"beat":14,"duration":1,"isRest":false,"recordingEndBeat":null},{"sd":"5","octave":0,"beat":15,"duration":0.75,"isRest":false,"recordingEndBeat":null},{"sd":"5","octave":0,"beat":15.75,"duration":1,"isRest":false,"recordingEndBeat":null},{"sd":"7","octave":0,"beat":16.75,"duration":5.25,"isRest":false,"recordingEndBeat":null},{"sd":"7","octave":0,"beat":22,"duration":1,"isRest":false,"recordingEndBeat":null},{"sd":"1","octave":1,"beat":23,"duration":1,"isRest":false,"recordingEndBeat":null},{"sd":"7","octave":0,"beat":24,"duration":0.75,"isRest":false,"recordingEndBeat":null},{"sd":"7","octave":0,"beat":24.75,"duration":1.25,"isRest":false,"recordingEndBeat":null},{"sd":"6","octave":0,"beat":26,"duration":4,"isRest":false,"recordingEndBeat":null},{"sd":"6","octave":0,"beat":30,"duration":1,"isRest":false,"recordingEndBeat":null},{"sd":"6","octave":0,"beat":31,"duration":1,"isRest":false,"recordingEndBeat":null},{"sd":"5","octave":0,"beat":32,"duration":0.75,"isRest":false,"recordingEndBeat":null},{"sd":"6","octave":0,"beat":32.75,"duration":0.25,"isRest":false,"recordingEndBeat":null},{"sd":"6","octave":0,"beat":33,"duration":1,"isRest":false,"recordingEndBeat":null},{"sd":"1","octave":0,"beat":34,"duration":4,"isRest":false,"recordingEndBeat":null},{"sd":"5","octave":0,"beat":38,"duration":0.75,"isRest":false,"recordingEndBeat":null},{"sd":"4","octave":0,"beat":38.75,"duration":0.25,"isRest":false,"recordingEndBeat":null},{"sd":"5","octave":0,"beat":39,"duration":0.75,"isRest":false,"recordingEndBeat":null},{"sd":"5","octave":0,"beat":39.75,"duration":1,"isRest":false,"recordingEndBeat":null},{"sd":"7","octave":0,"beat":40.75,"duration":1,"isRest":false,"recordingEndBeat":null},{"sd":"7","octave":0,"beat":41.75,"duration":1,"isRest":false,"recordingEndBeat":null},{"sd":"5","octave":0,"beat":42.75,"duration":3.25,"isRest":false,"recordingEndBeat":null},{"sd":"5","octave":0,"beat":46,"duration":1,"isRest":false,"recordingEndBeat":null},{"sd":"5","octave":0,"beat":47,"duration":0.75,"isRest":false,"recordingEndBeat":null},{"sd":"5","octave":0,"beat":47.75,"duration":1,"isRest":false,"recordingEndBeat":null},{"sd":"7","octave":0,"beat":48.75,"duration":2.25,"isRest":false,"recordingEndBeat":null},{"sd":"3","octave":1,"beat":51,"duration":2,"isRest":false,"recordingEndBeat":null},{"sd":"2","octave":1,"beat":53,"duration":1,"isRest":false,"recordingEndBeat":null},{"sd":"2","octave":1,"beat":54,"duration":1,"isRest":false,"recordingEndBeat":null},{"sd":"1","octave":1,"beat":55,"duration":1,"isRest":false,"recordingEndBeat":null},{"sd":"7","octave":0,"beat":56,"duration":0.75,"isRest":false,"recordingEndBeat":null},{"sd":"7","octave":0,"beat":56.75,"duration":1.25,"isRest":false,"recordingEndBeat":null},{"sd":"6","octave":0,"beat":58,"duration":4,"isRest":false,"recordingEndBeat":null},{"sd":"6","octave":0,"beat":62,"duration":1,"isRest":false,"recordingEndBeat":null},{"sd":"6","octave":0,"beat":63,"duration":1,"isRest":false,"recordingEndBeat":null},{"sd":"5","octave":0,"beat":64,"duration":0.75,"isRest":false,"recordingEndBeat":null},{"sd":"6","octave":0,"beat":64.75,"duration":0.25,"isRest":false,"recordingEndBeat":null}],[],[],[]],"visibleMelodies":[0,1,2,3],"soloAndMutedMelodies":{"harmonyVolume":0.7,"externalFileVolume":0.6,"drumsVolume":0.7,"metronomeVolume":0.3,"lead1Volume":0.7,"lead2Volume":0.7,"lead3Volume":0.7,"lead4Volume":0.7,"mute":{"master":false,"harmony":false,"external":false,"drums":false,"metronome":true,"lead1":false,"lead2":false,"lead3":false,"lead4":false,"bass":false},"bassVolume":0.7,"volume":1,"solo":{"harmony":false,"external":false,"drums":false,"metronome":false,"lead1":false,"lead2":false,"lead3":false,"lead4":false,"bass":false},"wasMutedBeforeSoloed":{"harmony":false,"external":false,"drums":false,"metronome":false,"lead1":false,"lead2":false,"lead3":false,"lead4":false,"bass":false}},"FXBypass":{},"customFXParams":{},"customSynthParams":{},"pickup":false,"fp":"339a5b03237effe73bbb149ae461d4c3799e26ad"}