﻿{"version":"2.24.3","chords":[{"root":4,"beat":1,"duration":4,"type":5,"inversion":0,"applied":0,"adds":[],"omits":[],"alterations":[],"suspensions":[],"substitutions":[],"pedal":null,"alternate":"","borrowed":"","isRest":false,"recordingEndBeat":null},{"root":1,"beat":5,"duration":3.5,"type":5,"inversion":0,"applied":0,"adds":[],"omits":[],"alterations":[],"suspensions":[],"substitutions":[],"pedal":null,"alternate":"","borrowed":"","isRest":false,"recordingEndBeat":null},{"root":4,"beat":8.5,"duration":2,"type":5,"inversion":0,"applied":0,"adds":[],"omits":[],"alterations":[],"suspensions":[],"substitutions":[],"pedal":null,"alternate":"","borrowed":"","isRest":false,"recordingEndBeat":null},{"root":5,"beat":10.5,"duration":2,"type":5,"inversion":0,"applied":0,"adds":[],"omits":[],"alterations":[],"suspensions":[],"substitutions":[],"pedal":null,"alternate":"","borrowed":"","isRest":false,"recordingEndBeat":null},{"root":6,"beat":12.5,"duration":4.5,"type":5,"inversion":0,"applied":0,"adds":[],"omits":[],"alterations":[],"suspensions":[],"substitutions":[],"pedal":null,"alternate":"","borrowed":"","isRest":false,"recordingEndBeat":null},{"root":4,"beat":17,"duration":4,"type":5,"inversion":0,"applied":4,"adds":[],"omits":[],"alterations":[],"suspensions":[],"substitutions":[],"pedal":null,"alternate":"","borrowed":"","isRest":false,"recordingEndBeat":null},{"root":6,"beat":21,"duration":1,"type":5,"inversion":0,"applied":5,"adds":[],"omits":[],"alterations":[],"suspensions":[],"substitutions":[],"pedal":null,"alternate":"","borrowed":null,"isRest":false,"recordingEndBeat":null},{"root":1,"beat":22,"duration":3,"type":5,"inversion":0,"applied":0,"adds":[],"omits":[],"alterations":[],"suspensions":[],"substitutions":[],"pedal":null,"alternate":"","borrowed":"","isRest":true,"recordingEndBeat":null}],"notes":[{"sd":"6","octave":0,"beat":1,"duration":0.5,"isRest":false,"recordingEndBeat":null},{"sd":"6","octave":0,"beat":1.5,"duration":0.5,"isRest":false,"recordingEndBeat":null},{"sd":"6","octave":0,"beat":2,"duration":0.33,"isRest":false,"recordingEndBeat":null},{"sd":"6","octave":0,"beat":2.33,"duration":0.34,"isRest":false,"recordingEndBeat":null},{"sd":"6","octave":0,"beat":2.67,"duration":0.8300000000000001,"isRest":false,"recordingEndBeat":null},{"sd":"6","octave":0,"beat":3.5,"duration":0.5,"isRest":false,"recordingEndBeat":null},{"sd":"6","octave":0,"beat":4,"duration":0.33,"isRest":false,"recordingEndBeat":null},{"sd":"6","octave":0,"beat":4.33,"duration":0.34,"isRest":false,"recordingEndBeat":null},{"sd":"6","octave":0,"beat":4.67,"duration":0.33,"isRest":false,"recordingEndBeat":null},{"sd":"3","octave":0,"beat":5,"duration":0.33,"isRest":false,"recordingEndBeat":null},{"sd":"3","octave":0,"beat":5.33,"duration":0.34,"isRest":false,"recordingEndBeat":null},{"sd":"3","octave":0,"beat":5.67,"duration":0.33,"isRest":false,"recordingEndBeat":null},{"sd":"3","octave":0,"beat":6,"duration":0.33,"isRest":false,"recordingEndBeat":null},{"sd":"3","octave":0,"beat":6.33,"duration":0.67,"isRest":false,"recordingEndBeat":null},{"sd":"1","octave":0,"beat":7,"duration":0.33,"isRest":true,"recordingEndBeat":null},{"sd":"1","octave":0,"beat":7.33,"duration":0.34,"isRest":true,"recordingEndBeat":null},{"sd":"5","octave":0,"beat":7.67,"duration":0.33,"isRest":false,"recordingEndBeat":null},{"sd":"3","octave":0,"beat":8,"duration":0.25,"isRest":false,"recordingEndBeat":null},{"sd":"3","octave":0,"beat":8.25,"duration":0.25,"isRest":false,"recordingEndBeat":null},{"sd":"6","octave":0,"beat":8.5,"duration":0.5,"isRest":false,"recordingEndBeat":null},{"sd":"3","octave":0,"beat":9,"duration":0.67,"isRest":false,"recordingEndBeat":null},{"sd":"3","octave":0,"beat":9.67,"duration":0.33,"isRest":false,"recordingEndBeat":null},{"sd":"7","octave":0,"beat":10.5,"duration":1,"isRest":false,"recordingEndBeat":null},{"sd":"5","octave":0,"beat":11.5,"duration":0.5,"isRest":false,"recordingEndBeat":null},{"sd":"5","octave":0,"beat":12,"duration":0.25,"isRest":false,"recordingEndBeat":null},{"sd":"3","octave":0,"beat":12.25,"duration":0.25,"isRest":false,"recordingEndBeat":null},{"sd":"1","octave":1,"beat":12.5,"duration":1,"isRest":false,"recordingEndBeat":null},{"sd":"7","octave":0,"beat":13.5,"duration":0.5,"isRest":false,"recordingEndBeat":null},{"sd":"6","octave":0,"beat":14,"duration":1,"isRest":false,"recordingEndBeat":null},{"sd":"1","octave":1,"beat":16,"duration":0.5,"isRest":false,"recordingEndBeat":null},{"sd":"2","octave":1,"beat":16.5,"duration":4.5,"isRest":false,"recordingEndBeat":null}],"keys":[{"beat":1,"scale":"major","tonic":"F"}],"tempos":[{"beat":1,"bpm":128,"swingFactor":0.66,"swingBeat":0.5}],"meters":[{"beat":1,"numBeats":4,"beatUnit":1}],"breaks":[],"bands":[{"beat":1,"lead1":[{"mute":false,"octaveOffset":0,"velocity":0.5,"specification":"Piano Lead","midiChannel":1,"useHookpadOutput":true,"useMIDIOutput":true,"solo":false,"wasMutedBeforeSolo":false,"pan":0,"timing":0}],"lead2":[{"mute":false,"octaveOffset":0,"velocity":0.5,"specification":"Piano Lead","midiChannel":2,"useHookpadOutput":true,"useMIDIOutput":true,"solo":false,"wasMutedBeforeSolo":false,"pan":0,"timing":0}],"lead3":[{"mute":false,"octaveOffset":0,"velocity":0.5,"specification":"Piano Lead","midiChannel":3,"useHookpadOutput":true,"useMIDIOutput":true,"solo":false,"wasMutedBeforeSolo":false,"pan":0,"timing":0}],"lead4":[{"mute":false,"octaveOffset":0,"velocity":0.5,"specification":"Piano Lead","midiChannel":4,"useHookpadOutput":true,"useMIDIOutput":true,"solo":false,"wasMutedBeforeSolo":false,"pan":0,"timing":0}],"harmony":[{"octaveOffset":0,"velocity":0.5,"specification":"Piano 1/4s","midiChannel":5,"useHookpadOutput":true,"useMIDIOutput":true,"solo":false,"wasMutedBeforeSolo":false,"pan":0,"timing":0}],"bass":[{"octaveOffset":0,"velocity":0.5,"specification":"Piano Bass-Dotted","midiChannel":9,"useHookpadOutput":true,"useMIDIOutput":false,"solo":false,"wasMutedBeforeSolo":false,"pan":0,"timing":0}],"drums":[{"octaveOffset":0,"velocity":0.5,"specification":"Basic Pop 22","midiChannel":10,"useHookpadOutput":false,"useMIDIOutput":false,"solo":false,"wasMutedBeforeSolo":false,"pan":0,"timing":0}]}],"lyrics":{"isOpen":false,"isFocused":false,"values":["","","",""],"sectionLyrics":[{"sectionName":"Song","lyrics":["","","",""]}]},"sections":[],"cursor":{"beat":1,"location":"cursor-note-staff"},"settings":{"widthBeat":36,"zoom":1,"youtubeVolume":70,"globalDetune":0,"metronome":false,"relativeNotation":true,"staffMode":"note-staff-mode-collapsed","wrapMode":"wrap-mode-fixed-mreasures-per-line","wrapModeMeasuresPerLine":8,"colorMode":"diatonic-centric","showMeasureStaff":true,"showLoopStaff":true,"showNoteStaff":true,"showChordStaff":true,"inactiveMelodyDisplay":"inactive-melody-colored-by-index","showOnlyStableInStaff":false,"midiOutputLatency":0,"compressorValue":0.5,"compressorIsActive":false,"enableExternalMP3":true,"externalMP3URL":"","externalMP3StartBeat":1,"externalMP3Duration":0,"isExternalMP3Loaded":false,"leadTrackNames":["Lead 1","Lead 2","Lead 3","Lead 4"],"playbackTransposition":0},"loopGui":{"looping":false,"beat":1,"duration":16},"youtube":{"id":"https://www.youtube.com/watch?v=ny3vmkfmWSQ&list=OLAK5uy_mLWT3clvGT1T2v-UxSiHDs_jfXL0dvRH8&index=5&ab_channel=EvilArrows-Topic","syncStart":0.2636995633138501,"syncEnd":0.3608545644637963,"syncMode":"youtube-sync-mode-test"},"keyFrames":[{"beat":1},{"beat":25}],"activeMelodyIndex":0,"endBeat":25,"inactiveNotes":[[],[],[],[]],"visibleMelodies":[0,1,2,3],"soloAndMutedMelodies":{"harmonyVolume":0.7,"externalFileVolume":0.6,"drumsVolume":0.7,"metronomeVolume":0.3,"lead1Volume":0.7,"lead2Volume":0.7,"lead3Volume":0.7,"lead4Volume":0.7,"mute":{"master":false,"harmony":false,"external":false,"drums":false,"metronome":true,"lead1":false,"lead2":false,"lead3":false,"lead4":false,"bass":false},"bassVolume":0.7,"volume":1,"solo":{"harmony":false,"external":false,"drums":false,"metronome":false,"lead1":false,"lead2":false,"lead3":false,"lead4":false,"bass":false},"wasMutedBeforeSoloed":{"harmony":false,"external":false,"drums":false,"metronome":false,"lead1":false,"lead2":false,"lead3":false,"lead4":false,"bass":false}},"FXBypass":{},"customFXParams":{},"customSynthParams":{},"pickup":false,"fp":"dd80c7fefa0545ebd803cb30ea750fda3680df1f"}