﻿{"version":"2.24.3","chords":[{"root":1,"beat":1,"duration":15,"type":5,"inversion":0,"applied":0,"adds":[],"omits":[],"alterations":[],"suspensions":[],"substitutions":[],"pedal":null,"alternate":"","borrowed":"","isRest":false,"recordingEndBeat":null},{"root":5,"beat":16,"duration":3,"type":5,"inversion":0,"applied":0,"adds":[],"omits":[],"alterations":[],"suspensions":[],"substitutions":[],"pedal":null,"alternate":"","borrowed":"harmonicMinor","isRest":false,"recordingEndBeat":null},{"root":1,"beat":19,"duration":9,"type":5,"inversion":0,"applied":0,"adds":[],"omits":[],"alterations":[],"suspensions":[],"substitutions":[],"pedal":null,"alternate":"","borrowed":"","isRest":false,"recordingEndBeat":null},{"root":3,"beat":28,"duration":3,"type":5,"inversion":2,"applied":0,"adds":[],"omits":[],"alterations":[],"suspensions":[],"substitutions":[],"pedal":null,"alternate":"","borrowed":"","isRest":false,"recordingEndBeat":null},{"root":7,"beat":31,"duration":3,"type":7,"inversion":0,"applied":0,"adds":[],"omits":[],"alterations":[],"suspensions":[],"substitutions":[],"pedal":null,"alternate":"","borrowed":"","isRest":false,"recordingEndBeat":null},{"root":3,"beat":34,"duration":3,"type":5,"inversion":0,"applied":0,"adds":[],"omits":[],"alterations":[],"suspensions":[],"substitutions":[],"pedal":null,"alternate":"","borrowed":"","isRest":false,"recordingEndBeat":null},{"root":3,"beat":37,"duration":3,"type":5,"inversion":0,"applied":0,"adds":[],"omits":[],"alterations":[],"suspensions":[],"substitutions":[],"pedal":null,"alternate":"","borrowed":"","isRest":false,"recordingEndBeat":null},{"root":7,"beat":40,"duration":2,"type":5,"inversion":0,"applied":0,"adds":[],"omits":[],"alterations":[],"suspensions":[],"substitutions":[],"pedal":null,"alternate":"","borrowed":"","isRest":false,"recordingEndBeat":null},{"root":4,"beat":42,"duration":1,"type":5,"inversion":2,"applied":7,"adds":[],"omits":[],"alterations":[],"suspensions":[],"substitutions":[],"pedal":null,"alternate":"","borrowed":"","isRest":false,"recordingEndBeat":null},{"root":4,"beat":43,"duration":6,"type":5,"inversion":0,"applied":0,"adds":[],"omits":[],"alterations":[],"suspensions":[],"substitutions":[],"pedal":null,"alternate":"","borrowed":"","isRest":false,"recordingEndBeat":null},{"root":5,"beat":49,"duration":3,"type":7,"inversion":0,"applied":0,"adds":[],"omits":[],"alterations":[],"suspensions":[],"substitutions":[],"pedal":null,"alternate":"","borrowed":"harmonicMinor","isRest":false,"recordingEndBeat":null},{"root":1,"beat":52,"duration":1,"type":5,"inversion":0,"applied":0,"adds":[],"omits":[],"alterations":[],"suspensions":[],"substitutions":[],"pedal":null,"alternate":"","borrowed":"","isRest":false,"recordingEndBeat":null},{"root":1,"beat":53,"duration":1,"type":5,"inversion":0,"applied":0,"adds":[],"omits":[],"alterations":[],"suspensions":[],"substitutions":[],"pedal":null,"alternate":"","borrowed":"","isRest":false,"recordingEndBeat":null},{"root":7,"beat":54,"duration":1,"type":5,"inversion":0,"applied":0,"adds":[],"omits":[],"alterations":[],"suspensions":[],"substitutions":[],"pedal":null,"alternate":"","borrowed":"","isRest":false,"recordingEndBeat":null},{"root":3,"beat":55,"duration":3,"type":5,"inversion":0,"applied":0,"adds":[],"omits":[],"alterations":[],"suspensions":[],"substitutions":[],"pedal":null,"alternate":"","borrowed":"","isRest":false,"recordingEndBeat":null},{"root":7,"beat":58,"duration":2,"type":5,"inversion":0,"applied":0,"adds":[],"omits":[],"alterations":[],"suspensions":[],"substitutions":[],"pedal":null,"alternate":"","borrowed":"","isRest":false,"recordingEndBeat":null},{"root":4,"beat":60,"duration":1,"type":5,"inversion":2,"applied":7,"adds":[],"omits":[],"alterations":[],"suspensions":[],"substitutions":[],"pedal":null,"alternate":"","borrowed":"","isRest":false,"recordingEndBeat":null},{"root":4,"beat":61,"duration":6,"type":5,"inversion":0,"applied":0,"adds":[],"omits":[],"alterations":[],"suspensions":[],"substitutions":[],"pedal":null,"alternate":"","borrowed":"","isRest":false,"recordingEndBeat":null},{"root":5,"beat":67,"duration":3,"type":7,"inversion":0,"applied":0,"adds":[],"omits":[],"alterations":[],"suspensions":[],"substitutions":[],"pedal":null,"alternate":"","borrowed":"harmonicMinor","isRest":false,"recordingEndBeat":null},{"root":1,"beat":70,"duration":3,"type":5,"inversion":0,"applied":0,"adds":[],"omits":[],"alterations":[],"suspensions":[],"substitutions":[],"pedal":null,"alternate":"","borrowed":"","isRest":false,"recordingEndBeat":null}],"notes":[{"sd":"1","octave":0,"beat":1,"duration":3,"isRest":false,"recordingEndBeat":null},{"sd":"3","octave":0,"beat":4,"duration":2,"isRest":false,"recordingEndBeat":null},{"sd":"4","octave":0,"beat":6,"duration":1,"isRest":false,"recordingEndBeat":null},{"sd":"5","octave":0,"beat":7,"duration":1.75,"isRest":false,"recordingEndBeat":null},{"sd":"5","octave":0,"beat":9,"duration":0.75,"isRest":false,"recordingEndBeat":null},{"sd":"5","octave":0,"beat":10,"duration":2,"isRest":false,"recordingEndBeat":null},{"sd":"3","octave":0,"beat":12,"duration":1,"isRest":false,"recordingEndBeat":null},{"sd":"1","octave":0,"beat":13,"duration":2,"isRest":false,"recordingEndBeat":null},{"sd":"3","octave":0,"beat":15,"duration":1,"isRest":false,"recordingEndBeat":null},{"sd":"2","octave":0,"beat":16,"duration":2.5,"isRest":false,"recordingEndBeat":null},{"sd":"1","octave":0,"beat":19,"duration":3,"isRest":false,"recordingEndBeat":null},{"sd":"3","octave":0,"beat":22,"duration":2,"isRest":false,"recordingEndBeat":null},{"sd":"4","octave":0,"beat":24,"duration":1,"isRest":false,"recordingEndBeat":null},{"sd":"5","octave":0,"beat":25,"duration":1.75,"isRest":false,"recordingEndBeat":null},{"sd":"5","octave":0,"beat":27,"duration":0.75,"isRest":false,"recordingEndBeat":null},{"sd":"5","octave":0,"beat":28,"duration":2,"isRest":false,"recordingEndBeat":null},{"sd":"3","octave":0,"beat":30,"duration":1,"isRest":false,"recordingEndBeat":null},{"sd":"4","octave":0,"beat":31,"duration":1,"isRest":false,"recordingEndBeat":null},{"sd":"6","octave":0,"beat":32,"duration":1,"isRest":false,"recordingEndBeat":null},{"sd":"2","octave":0,"beat":33,"duration":1,"isRest":false,"recordingEndBeat":null},{"sd":"3","octave":0,"beat":34,"duration":3,"isRest":false,"recordingEndBeat":null},{"sd":"5","octave":0,"beat":37,"duration":2,"isRest":false,"recordingEndBeat":null},{"sd":"3","octave":0,"beat":39,"duration":1,"isRest":false,"recordingEndBeat":null},{"sd":"4","octave":0,"beat":40,"duration":2,"isRest":false,"recordingEndBeat":null},{"sd":"5","octave":0,"beat":42,"duration":1,"isRest":false,"recordingEndBeat":null},{"sd":"6","octave":0,"beat":43,"duration":1.75,"isRest":false,"recordingEndBeat":null},{"sd":"6","octave":0,"beat":45,"duration":0.75,"isRest":false,"recordingEndBeat":null},{"sd":"6","octave":0,"beat":46,"duration":2,"isRest":false,"recordingEndBeat":null},{"sd":"4","octave":0,"beat":48,"duration":1,"isRest":false,"recordingEndBeat":null},{"sd":"2","octave":0,"beat":49,"duration":1,"isRest":false,"recordingEndBeat":null},{"sd":"4","octave":0,"beat":50,"duration":1,"isRest":false,"recordingEndBeat":null},{"sd":"2","octave":0,"beat":51,"duration":1,"isRest":false,"recordingEndBeat":null},{"sd":"3","octave":0,"beat":52,"duration":0.75,"isRest":false,"recordingEndBeat":null},{"sd":"3","octave":0,"beat":53,"duration":1,"isRest":false,"recordingEndBeat":null},{"sd":"4","octave":0,"beat":54,"duration":1,"isRest":false,"recordingEndBeat":null},{"sd":"5","octave":0,"beat":55,"duration":2,"isRest":false,"recordingEndBeat":null},{"sd":"3","octave":0,"beat":57,"duration":1,"isRest":false,"recordingEndBeat":null},{"sd":"4","octave":0,"beat":58,"duration":2,"isRest":false,"recordingEndBeat":null},{"sd":"5","octave":0,"beat":60,"duration":1,"isRest":false,"recordingEndBeat":null},{"sd":"6","octave":0,"beat":61,"duration":1.75,"isRest":false,"recordingEndBeat":null},{"sd":"6","octave":0,"beat":63,"duration":0.75,"isRest":false,"recordingEndBeat":null},{"sd":"6","octave":0,"beat":64,"duration":2,"isRest":false,"recordingEndBeat":null},{"sd":"4","octave":0,"beat":66,"duration":1,"isRest":false,"recordingEndBeat":null},{"sd":"2","octave":0,"beat":67,"duration":1,"isRest":false,"recordingEndBeat":null},{"sd":"4","octave":0,"beat":68,"duration":1,"isRest":false,"recordingEndBeat":null},{"sd":"2","octave":0,"beat":69,"duration":1,"isRest":false,"recordingEndBeat":null},{"sd":"1","octave":0,"beat":70,"duration":2.5,"isRest":false,"recordingEndBeat":null}],"keys":[{"beat":1,"scale":"minor","tonic":"G"}],"tempos":[{"beat":1,"bpm":102,"swingFactor":0,"swingBeat":0.5}],"meters":[{"beat":1,"numBeats":9,"beatUnit":1}],"breaks":[],"bands":[{"beat":1,"lead1":[{"mute":false,"octaveOffset":0,"velocity":0.7,"specification":"Piano Lead","midiChannel":1,"useHookpadOutput":true,"useMIDIOutput":true,"solo":false,"wasMutedBeforeSolo":false,"pan":0,"timing":0}],"lead2":[{"mute":false,"octaveOffset":0,"velocity":0.7,"specification":"Piano Lead","midiChannel":2,"useHookpadOutput":true,"useMIDIOutput":true,"solo":false,"wasMutedBeforeSolo":false,"pan":0,"timing":0}],"lead3":[{"mute":false,"octaveOffset":0,"velocity":0.7,"specification":"Piano Lead","midiChannel":3,"useHookpadOutput":true,"useMIDIOutput":true,"solo":false,"wasMutedBeforeSolo":false,"pan":0,"timing":0}],"lead4":[{"mute":false,"octaveOffset":0,"velocity":0.7,"specification":"Piano Lead","midiChannel":4,"useHookpadOutput":true,"useMIDIOutput":true,"solo":false,"wasMutedBeforeSolo":false,"pan":0,"timing":0}],"harmony":[{"octaveOffset":0,"velocity":0.7,"specification":"Piano 1/4s","midiChannel":5,"useHookpadOutput":true,"useMIDIOutput":true,"solo":false,"wasMutedBeforeSolo":false,"pan":0,"timing":0}],"bass":[{"octaveOffset":0,"velocity":0.7,"specification":"Piano Bass-Dotted","midiChannel":9,"useHookpadOutput":true,"useMIDIOutput":false,"solo":false,"wasMutedBeforeSolo":false,"pan":0,"timing":0}],"drums":[{"octaveOffset":0,"velocity":0.7,"specification":"Basic Pop","midiChannel":10,"useHookpadOutput":false,"useMIDIOutput":false,"solo":false,"wasMutedBeforeSolo":false,"pan":0,"timing":0}]}],"lyrics":{"isOpen":false,"isFocused":false,"values":["","","",""],"sectionLyrics":[{"sectionName":"Song","lyrics":["","","",""]}]},"sections":[],"cursor":{"beat":1,"location":"cursor-chord-staff"},"settings":{"widthBeat":36,"zoom":1,"youtubeVolume":70,"globalDetune":0,"metronome":false,"relativeNotation":true,"staffMode":"note-staff-mode-collapsed","wrapMode":"wrap-mode-auto","wrapModeMeasuresPerLine":8,"colorMode":"diatonic-centric","colorTheme":"color-theme-light","showMeasureStaff":true,"showLoopStaff":true,"showNoteStaff":true,"showChordStaff":true,"inactiveMelodyDisplay":"inactive-melody-colored-by-index","showOnlyStableInStaff":false,"midiOutputLatency":0,"compressorValue":0.5,"compressorIsActive":false,"enableExternalMP3":true,"externalMP3URL":"","externalMP3StartBeat":1,"externalMP3Duration":0,"isExternalMP3Loaded":false,"leadTrackNames":["Lead 1","Lead 2","Lead 3","Lead 4"],"playbackTransposition":0},"loopGui":{"looping":false,"beat":1,"duration":16,"loopIndex":-1},"youtube":{"id":"https://www.youtube.com/watch?v=QovNsObNtVo","syncStart":0.15673435586439668,"syncEnd":0.18147091465481519,"syncMode":"youtube-sync-mode-test"},"keyFrames":[{"beat":1},{"beat":73}],"activeMelodyIndex":0,"endBeat":73,"inactiveNotes":[[],[],[],[]],"visibleMelodies":[0,1,2,3],"soloAndMutedMelodies":{"harmonyVolume":0.7,"externalFileVolume":0.6,"drumsVolume":0.7,"metronomeVolume":0.3,"lead1Volume":0.7,"lead2Volume":0.7,"lead3Volume":0.7,"lead4Volume":0.7,"mute":{"master":false,"harmony":false,"external":false,"drums":false,"metronome":true,"lead1":false,"lead2":false,"lead3":false,"lead4":false,"bass":false},"bassVolume":0.7,"volume":1,"solo":{"harmony":false,"external":false,"drums":false,"metronome":false,"lead1":false,"lead2":false,"lead3":false,"lead4":false,"bass":false},"wasMutedBeforeSoloed":{"harmony":false,"external":false,"drums":false,"metronome":false,"lead1":false,"lead2":false,"lead3":false,"lead4":false,"bass":false}},"FXBypass":{},"customFXParams":{},"customSynthParams":{},"pickup":false,"fp":"456e40401ae0c95d071f370ff493408b4528ad80"}