﻿{"version":"2.24.3","chords":[{"root":1,"beat":1,"duration":8,"type":5,"inversion":0,"applied":0,"adds":[],"omits":[],"alterations":[],"suspensions":[],"substitutions":[],"pedal":null,"alternate":"","borrowed":null,"isRest":false,"recordingEndBeat":null},{"root":3,"beat":9,"duration":8,"type":5,"inversion":0,"applied":0,"adds":[],"omits":[],"alterations":[],"suspensions":[],"substitutions":[],"pedal":null,"alternate":"","borrowed":null,"isRest":false,"recordingEndBeat":null},{"root":1,"beat":17,"duration":8,"type":5,"inversion":0,"applied":0,"adds":[],"omits":[],"alterations":[],"suspensions":[],"substitutions":[],"pedal":null,"alternate":"","borrowed":null,"isRest":false,"recordingEndBeat":null},{"root":3,"beat":25,"duration":8,"type":5,"inversion":0,"applied":0,"adds":[],"omits":[],"alterations":[],"suspensions":[],"substitutions":[],"pedal":null,"alternate":"","borrowed":null,"isRest":false,"recordingEndBeat":null},{"root":6,"beat":33,"duration":4,"type":5,"inversion":0,"applied":0,"adds":[],"omits":[],"alterations":[],"suspensions":[],"substitutions":[],"pedal":null,"alternate":"","borrowed":null,"isRest":false,"recordingEndBeat":null},{"root":6,"beat":37,"duration":4,"type":7,"inversion":3,"applied":0,"adds":[],"omits":[],"alterations":[],"suspensions":[],"substitutions":[],"pedal":null,"alternate":"","borrowed":null,"isRest":false,"recordingEndBeat":null},{"root":2,"beat":41,"duration":8,"type":7,"inversion":1,"applied":0,"adds":[],"omits":[],"alterations":[],"suspensions":[],"substitutions":[],"pedal":null,"alternate":"","borrowed":"lydian","isRest":false,"recordingEndBeat":null},{"root":1,"beat":49,"duration":8,"type":5,"inversion":0,"applied":0,"adds":[],"omits":[],"alterations":[],"suspensions":[],"substitutions":[],"pedal":null,"alternate":"","borrowed":null,"isRest":false,"recordingEndBeat":null},{"root":3,"beat":57,"duration":8,"type":5,"inversion":0,"applied":0,"adds":[],"omits":[],"alterations":[],"suspensions":[],"substitutions":[],"pedal":null,"alternate":"","borrowed":null,"isRest":false,"recordingEndBeat":null},{"root":1,"beat":65,"duration":8,"type":5,"inversion":0,"applied":0,"adds":[],"omits":[],"alterations":[],"suspensions":[],"substitutions":[],"pedal":null,"alternate":"","borrowed":null,"isRest":false,"recordingEndBeat":null},{"root":3,"beat":73,"duration":8,"type":5,"inversion":0,"applied":0,"adds":[],"omits":[],"alterations":[],"suspensions":[],"substitutions":[],"pedal":null,"alternate":"","borrowed":null,"isRest":false,"recordingEndBeat":null},{"root":6,"beat":81,"duration":4,"type":5,"inversion":0,"applied":0,"adds":[],"omits":[],"alterations":[],"suspensions":[],"substitutions":[],"pedal":null,"alternate":"","borrowed":null,"isRest":false,"recordingEndBeat":null},{"root":6,"beat":85,"duration":4,"type":7,"inversion":3,"applied":0,"adds":[],"omits":[],"alterations":[],"suspensions":[],"substitutions":[],"pedal":null,"alternate":"","borrowed":null,"isRest":false,"recordingEndBeat":null},{"root":2,"beat":89,"duration":8,"type":7,"inversion":1,"applied":0,"adds":[],"omits":[],"alterations":[],"suspensions":[],"substitutions":[],"pedal":null,"alternate":"","borrowed":"lydian","isRest":false,"recordingEndBeat":null}],"notes":[{"sd":"1","octave":0,"beat":1,"duration":2,"isRest":true,"recordingEndBeat":null},{"sd":"1","octave":-1,"beat":3,"duration":1,"isRest":false,"recordingEndBeat":null},{"sd":"1","octave":-1,"beat":4,"duration":0.5,"isRest":false,"recordingEndBeat":null},{"sd":"1","octave":-1,"beat":4.5,"duration":1.5,"isRest":false,"recordingEndBeat":null},{"sd":"1","octave":-1,"beat":6,"duration":0.5,"isRest":false,"recordingEndBeat":null},{"sd":"2","octave":-1,"beat":6.5,"duration":1.5,"isRest":false,"recordingEndBeat":null},{"sd":"1","octave":-1,"beat":8,"duration":0.5,"isRest":false,"recordingEndBeat":null},{"sd":"7","octave":-2,"beat":8.5,"duration":1.5,"isRest":false,"recordingEndBeat":null},{"sd":"1","octave":0,"beat":10,"duration":9,"isRest":true,"recordingEndBeat":null},{"sd":"1","octave":-1,"beat":19,"duration":1,"isRest":false,"recordingEndBeat":null},{"sd":"1","octave":-1,"beat":20,"duration":0.5,"isRest":false,"recordingEndBeat":null},{"sd":"1","octave":-1,"beat":20.5,"duration":1.5,"isRest":false,"recordingEndBeat":null},{"sd":"1","octave":-1,"beat":22,"duration":0.5,"isRest":false,"recordingEndBeat":null},{"sd":"2","octave":-1,"beat":22.5,"duration":1.5,"isRest":false,"recordingEndBeat":null},{"sd":"1","octave":-1,"beat":24,"duration":0.5,"isRest":false,"recordingEndBeat":null},{"sd":"7","octave":-2,"beat":24.5,"duration":1.5,"isRest":false,"recordingEndBeat":null},{"sd":"1","octave":0,"beat":33,"duration":2,"isRest":true,"recordingEndBeat":null},{"sd":"1","octave":-1,"beat":35,"duration":1,"isRest":false,"recordingEndBeat":null},{"sd":"2","octave":-1,"beat":36,"duration":1,"isRest":false,"recordingEndBeat":null},{"sd":"1","octave":-1,"beat":37,"duration":1,"isRest":false,"recordingEndBeat":null},{"sd":"2","octave":-1,"beat":38,"duration":1,"isRest":false,"recordingEndBeat":null},{"sd":"1","octave":-1,"beat":39,"duration":1,"isRest":false,"recordingEndBeat":null},{"sd":"2","octave":-1,"beat":40,"duration":1,"isRest":false,"recordingEndBeat":null},{"sd":"1","octave":-1,"beat":41,"duration":1,"isRest":false,"recordingEndBeat":null},{"sd":"2","octave":-1,"beat":42,"duration":1,"isRest":false,"recordingEndBeat":null},{"sd":"1","octave":-1,"beat":43,"duration":1,"isRest":false,"recordingEndBeat":null},{"sd":"2","octave":-1,"beat":44,"duration":0.5,"isRest":false,"recordingEndBeat":null},{"sd":"2","octave":-1,"beat":44.5,"duration":1.5,"isRest":false,"recordingEndBeat":null},{"sd":"1","octave":0,"beat":46,"duration":5,"isRest":true,"recordingEndBeat":null},{"sd":"1","octave":-1,"beat":51,"duration":1,"isRest":false,"recordingEndBeat":null},{"sd":"1","octave":-1,"beat":52,"duration":0.5,"isRest":false,"recordingEndBeat":null},{"sd":"1","octave":-1,"beat":52.5,"duration":1.5,"isRest":false,"recordingEndBeat":null},{"sd":"1","octave":-1,"beat":54,"duration":0.5,"isRest":false,"recordingEndBeat":null},{"sd":"2","octave":-1,"beat":54.5,"duration":1.5,"isRest":false,"recordingEndBeat":null},{"sd":"1","octave":-1,"beat":56,"duration":0.5,"isRest":false,"recordingEndBeat":null},{"sd":"7","octave":-2,"beat":56.5,"duration":1.5,"isRest":false,"recordingEndBeat":null},{"sd":"1","octave":0,"beat":65,"duration":1.5,"isRest":true,"recordingEndBeat":null},{"sd":"7","octave":-2,"beat":66.5,"duration":0.5,"isRest":false,"recordingEndBeat":null},{"sd":"1","octave":-1,"beat":67,"duration":1,"isRest":false,"recordingEndBeat":null},{"sd":"1","octave":-1,"beat":68,"duration":1,"isRest":false,"recordingEndBeat":null},{"sd":"1","octave":-1,"beat":69,"duration":1,"isRest":false,"recordingEndBeat":null},{"sd":"1","octave":-1,"beat":70,"duration":1,"isRest":false,"recordingEndBeat":null},{"sd":"2","octave":-1,"beat":71,"duration":1,"isRest":false,"recordingEndBeat":null},{"sd":"1","octave":-1,"beat":72,"duration":1,"isRest":false,"recordingEndBeat":null},{"sd":"7","octave":-2,"beat":73,"duration":2,"isRest":false,"recordingEndBeat":null},{"sd":"1","octave":0,"beat":75,"duration":8,"isRest":true,"recordingEndBeat":null},{"sd":"1","octave":-1,"beat":83,"duration":1,"isRest":false,"recordingEndBeat":null},{"sd":"2","octave":-1,"beat":84,"duration":1,"isRest":false,"recordingEndBeat":null},{"sd":"1","octave":-1,"beat":85,"duration":0.5,"isRest":false,"recordingEndBeat":null},{"sd":"2","octave":-1,"beat":85.5,"duration":1.5,"isRest":false,"recordingEndBeat":null},{"sd":"1","octave":-1,"beat":87,"duration":1,"isRest":false,"recordingEndBeat":null},{"sd":"2","octave":-1,"beat":88,"duration":1,"isRest":false,"recordingEndBeat":null},{"sd":"1","octave":-1,"beat":89,"duration":1,"isRest":false,"recordingEndBeat":null},{"sd":"2","octave":-1,"beat":90,"duration":1,"isRest":false,"recordingEndBeat":null},{"sd":"1","octave":-1,"beat":91,"duration":1,"isRest":false,"recordingEndBeat":null},{"sd":"2","octave":-1,"beat":92,"duration":1,"isRest":false,"recordingEndBeat":null},{"sd":"2","octave":-1,"beat":93,"duration":4,"isRest":false,"recordingEndBeat":null}],"keys":[{"beat":1,"scale":"major","tonic":"C"}],"tempos":[{"beat":1,"bpm":134,"swingFactor":0,"swingBeat":0.5}],"meters":[{"beat":1,"numBeats":4,"beatUnit":1}],"breaks":[],"bands":[{"beat":1,"lead1":[{"mute":false,"octaveOffset":0,"velocity":0.8,"specification":"Piano Lead","midiChannel":1,"useHookpadOutput":true,"useMIDIOutput":true,"solo":false,"wasMutedBeforeSolo":false,"pan":0,"timing":0}],"lead2":[{"mute":false,"octaveOffset":0,"velocity":0.5,"specification":"Piano Lead","midiChannel":2,"useHookpadOutput":true,"useMIDIOutput":true,"solo":false,"wasMutedBeforeSolo":false,"pan":0,"timing":0}],"lead3":[{"mute":false,"octaveOffset":0,"velocity":0.5,"specification":"Piano Lead","midiChannel":3,"useHookpadOutput":true,"useMIDIOutput":true,"solo":false,"wasMutedBeforeSolo":false,"pan":0,"timing":0}],"lead4":[{"mute":false,"octaveOffset":0,"velocity":0.5,"specification":"Piano Lead","midiChannel":4,"useHookpadOutput":true,"useMIDIOutput":true,"solo":false,"wasMutedBeforeSolo":false,"pan":0,"timing":0}],"harmony":[{"octaveOffset":0,"velocity":0.8,"specification":"Piano 1/4s","midiChannel":5,"useHookpadOutput":true,"useMIDIOutput":true,"solo":false,"wasMutedBeforeSolo":false,"pan":0,"timing":0}],"bass":[{"octaveOffset":0,"velocity":0.8,"specification":"Piano Bass-Dotted","midiChannel":9,"useHookpadOutput":true,"useMIDIOutput":false,"solo":false,"wasMutedBeforeSolo":false,"pan":0,"timing":0}],"drums":[{"octaveOffset":0,"velocity":0,"specification":"Basic Pop 22","midiChannel":10,"useHookpadOutput":true,"useMIDIOutput":true,"solo":false,"wasMutedBeforeSolo":false,"pan":0,"timing":0}]}],"lyrics":{"isOpen":false,"isFocused":false,"rerender":0.4965248325031695,"values":["","","",""],"sectionLyrics":[{"sectionName":"Song","lyrics":["","","",""]}]},"sections":[],"cursor":{"beat":1,"location":"cursor-note-staff"},"settings":{"widthBeat":36,"zoom":1,"youtubeVolume":70,"globalDetune":0,"metronome":false,"relativeNotation":true,"staffMode":"note-staff-mode-collapsed","wrapMode":"wrap-mode-fixed-mreasures-per-line","wrapModeMeasuresPerLine":8,"colorMode":"diatonic-centric","showMeasureStaff":true,"showLoopStaff":true,"showNoteStaff":true,"showChordStaff":true,"inactiveMelodyDisplay":"inactive-melody-colored-by-index","showOnlyStableInStaff":true,"midiOutputLatency":0,"compressorValue":0.5,"compressorIsActive":false,"enableExternalMP3":true,"externalMP3URL":"","externalMP3StartBeat":1,"externalMP3Duration":0,"isExternalMP3Loaded":false,"leadTrackNames":["Lead 1","Lead 2","Lead 3","Lead 4"],"playbackTransposition":0},"loopGui":{"looping":false,"beat":1,"duration":16},"youtube":{"id":"iYYRH4apXDo","syncStart":0.1092199186178811,"syncEnd":0.25001557474072156,"syncMode":"youtube-sync-mode-test"},"keyFrames":[{"beat":1},{"beat":97}],"activeMelodyIndex":0,"endBeat":97,"inactiveNotes":[[],[],[],[]],"visibleMelodies":[0,1,2,3],"soloAndMutedMelodies":{"harmonyVolume":0.7,"externalFileVolume":0.6,"drumsVolume":0.7,"metronomeVolume":0.3,"lead1Volume":0.7,"lead2Volume":0.7,"lead3Volume":0.7,"lead4Volume":0.7,"mute":{"master":false,"harmony":false,"external":false,"drums":false,"metronome":true,"lead1":false,"lead2":false,"lead3":false,"lead4":false,"bass":false},"bassVolume":0.7,"volume":1,"solo":{"harmony":false,"external":false,"drums":false,"metronome":false,"lead1":false,"lead2":false,"lead3":false,"lead4":false,"bass":false},"wasMutedBeforeSoloed":{"harmony":false,"external":false,"drums":false,"metronome":false,"lead1":false,"lead2":false,"lead3":false,"lead4":false,"bass":false}},"FXBypass":{},"customFXParams":{},"customSynthParams":{},"pickup":false,"fp":"45c66758a84ce53a19726f544a1bbfba0ae66a4e"}