﻿{"version":"2.24.3","chords":[{"root":6,"beat":1,"duration":4,"type":5,"inversion":0,"applied":0,"adds":[],"omits":[],"alterations":[],"suspensions":[],"substitutions":[],"pedal":null,"alternate":"","borrowed":null,"isRest":false,"recordingEndBeat":null},{"root":1,"beat":5,"duration":4,"type":5,"inversion":0,"applied":0,"adds":[],"omits":[],"alterations":[],"suspensions":[],"substitutions":[],"pedal":null,"alternate":"","borrowed":null,"isRest":false,"recordingEndBeat":null},{"root":6,"beat":9,"duration":4,"type":5,"inversion":0,"applied":0,"adds":[],"omits":[],"alterations":[],"suspensions":[],"substitutions":[],"pedal":null,"alternate":"","borrowed":null,"isRest":false,"recordingEndBeat":null},{"root":1,"beat":13,"duration":4,"type":5,"inversion":0,"applied":0,"adds":[],"omits":[],"alterations":[],"suspensions":[],"substitutions":[],"pedal":null,"alternate":"","borrowed":null,"isRest":false,"recordingEndBeat":null},{"root":6,"beat":17,"duration":4,"type":5,"inversion":0,"applied":0,"adds":[],"omits":[],"alterations":[],"suspensions":[],"substitutions":[],"pedal":null,"alternate":"","borrowed":null,"isRest":false,"recordingEndBeat":null},{"root":1,"beat":21,"duration":4,"type":5,"inversion":0,"applied":0,"adds":[],"omits":[],"alterations":[],"suspensions":[],"substitutions":[],"pedal":null,"alternate":"","borrowed":null,"isRest":false,"recordingEndBeat":null},{"root":6,"beat":25,"duration":4,"type":5,"inversion":0,"applied":0,"adds":[],"omits":[],"alterations":[],"suspensions":[],"substitutions":[],"pedal":null,"alternate":"","borrowed":null,"isRest":false,"recordingEndBeat":null},{"root":1,"beat":29,"duration":4,"type":5,"inversion":0,"applied":0,"adds":[],"omits":[],"alterations":[],"suspensions":[],"substitutions":[],"pedal":null,"alternate":"","borrowed":null,"isRest":false,"recordingEndBeat":null},{"root":6,"beat":33,"duration":4,"type":5,"inversion":0,"applied":0,"adds":[],"omits":[],"alterations":[],"suspensions":[],"substitutions":[],"pedal":null,"alternate":"","borrowed":null,"isRest":false,"recordingEndBeat":null},{"root":1,"beat":37,"duration":4,"type":5,"inversion":0,"applied":0,"adds":[],"omits":[],"alterations":[],"suspensions":[],"substitutions":[],"pedal":null,"alternate":"","borrowed":null,"isRest":false,"recordingEndBeat":null},{"root":6,"beat":41,"duration":4,"type":5,"inversion":0,"applied":0,"adds":[],"omits":[],"alterations":[],"suspensions":[],"substitutions":[],"pedal":null,"alternate":"","borrowed":null,"isRest":false,"recordingEndBeat":null},{"root":5,"beat":45,"duration":4,"type":5,"inversion":0,"applied":0,"adds":[],"omits":[],"alterations":[],"suspensions":[],"substitutions":[],"pedal":null,"alternate":"","borrowed":null,"isRest":false,"recordingEndBeat":null},{"root":6,"beat":49,"duration":4,"type":5,"inversion":0,"applied":0,"adds":[],"omits":[],"alterations":[],"suspensions":[],"substitutions":[],"pedal":null,"alternate":"","borrowed":null,"isRest":false,"recordingEndBeat":null},{"root":1,"beat":53,"duration":4,"type":5,"inversion":0,"applied":0,"adds":[],"omits":[],"alterations":[],"suspensions":[],"substitutions":[],"pedal":null,"alternate":"","borrowed":null,"isRest":false,"recordingEndBeat":null},{"root":6,"beat":57,"duration":4,"type":5,"inversion":0,"applied":0,"adds":[],"omits":[],"alterations":[],"suspensions":[],"substitutions":[],"pedal":null,"alternate":"","borrowed":null,"isRest":false,"recordingEndBeat":null},{"root":5,"beat":61,"duration":4,"type":5,"inversion":0,"applied":0,"adds":[],"omits":[],"alterations":[],"suspensions":[],"substitutions":[],"pedal":null,"alternate":"","borrowed":null,"isRest":false,"recordingEndBeat":null},{"root":6,"beat":65,"duration":4,"type":5,"inversion":0,"applied":0,"adds":[],"omits":[],"alterations":[],"suspensions":[],"substitutions":[],"pedal":null,"alternate":"","borrowed":null,"isRest":false,"recordingEndBeat":null},{"root":1,"beat":69,"duration":4,"type":5,"inversion":0,"applied":0,"adds":[],"omits":[],"alterations":[],"suspensions":[],"substitutions":[],"pedal":null,"alternate":"","borrowed":null,"isRest":false,"recordingEndBeat":null},{"root":6,"beat":73,"duration":4,"type":5,"inversion":0,"applied":0,"adds":[],"omits":[],"alterations":[],"suspensions":[],"substitutions":[],"pedal":null,"alternate":"","borrowed":null,"isRest":false,"recordingEndBeat":null},{"root":5,"beat":77,"duration":4,"type":5,"inversion":0,"applied":0,"adds":[],"omits":[],"alterations":[],"suspensions":[],"substitutions":[],"pedal":null,"alternate":"","borrowed":null,"isRest":false,"recordingEndBeat":null},{"root":6,"beat":81,"duration":4,"type":5,"inversion":0,"applied":0,"adds":[],"omits":[],"alterations":[],"suspensions":[],"substitutions":[],"pedal":null,"alternate":"","borrowed":null,"isRest":false,"recordingEndBeat":null},{"root":1,"beat":85,"duration":4,"type":5,"inversion":0,"applied":0,"adds":[],"omits":[],"alterations":[],"suspensions":[],"substitutions":[],"pedal":null,"alternate":"","borrowed":null,"isRest":false,"recordingEndBeat":null},{"root":6,"beat":89,"duration":4,"type":5,"inversion":0,"applied":0,"adds":[],"omits":[],"alterations":[],"suspensions":[],"substitutions":[],"pedal":null,"alternate":"","borrowed":null,"isRest":false,"recordingEndBeat":null},{"root":5,"beat":93,"duration":4,"type":5,"inversion":0,"applied":0,"adds":[],"omits":[],"alterations":[],"suspensions":[],"substitutions":[],"pedal":null,"alternate":"","borrowed":null,"isRest":false,"recordingEndBeat":null},{"root":4,"beat":97,"duration":4,"type":5,"inversion":0,"applied":0,"adds":[],"omits":[],"alterations":[],"suspensions":[],"substitutions":[],"pedal":null,"alternate":"","borrowed":null,"isRest":false,"recordingEndBeat":null},{"root":4,"beat":101,"duration":4,"type":5,"inversion":0,"applied":0,"adds":[],"omits":[],"alterations":[],"suspensions":[],"substitutions":[],"pedal":null,"alternate":"","borrowed":null,"isRest":false,"recordingEndBeat":null},{"root":5,"beat":105,"duration":4,"type":5,"inversion":0,"applied":0,"adds":[],"omits":[],"alterations":[],"suspensions":[],"substitutions":[],"pedal":null,"alternate":"","borrowed":null,"isRest":false,"recordingEndBeat":null},{"root":5,"beat":109,"duration":4,"type":5,"inversion":0,"applied":0,"adds":[],"omits":[],"alterations":[],"suspensions":[],"substitutions":[],"pedal":null,"alternate":"","borrowed":null,"isRest":false,"recordingEndBeat":null},{"root":6,"beat":113,"duration":4,"type":5,"inversion":0,"applied":0,"adds":[],"omits":[],"alterations":[],"suspensions":[],"substitutions":[],"pedal":null,"alternate":"","borrowed":null,"isRest":false,"recordingEndBeat":null},{"root":6,"beat":117,"duration":4,"type":5,"inversion":0,"applied":0,"adds":[],"omits":[],"alterations":[],"suspensions":[],"substitutions":[],"pedal":null,"alternate":"","borrowed":null,"isRest":false,"recordingEndBeat":null},{"root":3,"beat":121,"duration":4,"type":5,"inversion":0,"applied":0,"adds":[],"omits":[],"alterations":[],"suspensions":[],"substitutions":[],"pedal":null,"alternate":"","borrowed":null,"isRest":false,"recordingEndBeat":null},{"root":5,"beat":125,"duration":4,"type":5,"inversion":0,"applied":0,"adds":[],"omits":[],"alterations":[],"suspensions":[],"substitutions":[],"pedal":null,"alternate":"","borrowed":null,"isRest":false,"recordingEndBeat":null},{"root":4,"beat":129,"duration":4,"type":5,"inversion":0,"applied":0,"adds":[],"omits":[],"alterations":[],"suspensions":[],"substitutions":[],"pedal":null,"alternate":"","borrowed":null,"isRest":false,"recordingEndBeat":null},{"root":4,"beat":133,"duration":4,"type":5,"inversion":0,"applied":0,"adds":[],"omits":[],"alterations":[],"suspensions":[],"substitutions":[],"pedal":null,"alternate":"","borrowed":null,"isRest":false,"recordingEndBeat":null},{"root":5,"beat":137,"duration":4,"type":5,"inversion":0,"applied":0,"adds":[],"omits":[],"alterations":[],"suspensions":[],"substitutions":[],"pedal":null,"alternate":"","borrowed":null,"isRest":false,"recordingEndBeat":null},{"root":5,"beat":141,"duration":4,"type":5,"inversion":0,"applied":0,"adds":[],"omits":[],"alterations":[],"suspensions":[],"substitutions":[],"pedal":null,"alternate":"","borrowed":null,"isRest":false,"recordingEndBeat":null},{"root":6,"beat":145,"duration":4,"type":5,"inversion":0,"applied":0,"adds":[],"omits":[],"alterations":[],"suspensions":[],"substitutions":[],"pedal":null,"alternate":"","borrowed":null,"isRest":false,"recordingEndBeat":null},{"root":6,"beat":149,"duration":4,"type":5,"inversion":0,"applied":0,"adds":[],"omits":[],"alterations":[],"suspensions":[],"substitutions":[],"pedal":null,"alternate":"","borrowed":null,"isRest":false,"recordingEndBeat":null},{"root":3,"beat":153,"duration":4,"type":5,"inversion":0,"applied":0,"adds":[],"omits":[],"alterations":[],"suspensions":[],"substitutions":[],"pedal":null,"alternate":"","borrowed":null,"isRest":false,"recordingEndBeat":null},{"root":5,"beat":157,"duration":4,"type":5,"inversion":0,"applied":0,"adds":[],"omits":[],"alterations":[],"suspensions":[],"substitutions":[],"pedal":null,"alternate":"","borrowed":null,"isRest":false,"recordingEndBeat":null},{"root":4,"beat":161,"duration":4,"type":5,"inversion":0,"applied":0,"adds":[],"omits":[],"alterations":[],"suspensions":[],"substitutions":[],"pedal":null,"alternate":"","borrowed":null,"isRest":false,"recordingEndBeat":null},{"root":4,"beat":165,"duration":4,"type":5,"inversion":0,"applied":0,"adds":[],"omits":[],"alterations":[],"suspensions":[],"substitutions":[],"pedal":null,"alternate":"","borrowed":null,"isRest":false,"recordingEndBeat":null},{"root":5,"beat":169,"duration":4,"type":5,"inversion":0,"applied":0,"adds":[],"omits":[],"alterations":[],"suspensions":[],"substitutions":[],"pedal":null,"alternate":"","borrowed":null,"isRest":false,"recordingEndBeat":null},{"root":5,"beat":173,"duration":4,"type":5,"inversion":0,"applied":0,"adds":[],"omits":[],"alterations":[],"suspensions":[],"substitutions":[],"pedal":null,"alternate":"","borrowed":null,"isRest":false,"recordingEndBeat":null},{"root":6,"beat":177,"duration":4,"type":5,"inversion":0,"applied":0,"adds":[],"omits":[],"alterations":[],"suspensions":[],"substitutions":[],"pedal":null,"alternate":"","borrowed":null,"isRest":false,"recordingEndBeat":null},{"root":6,"beat":181,"duration":4,"type":5,"inversion":0,"applied":0,"adds":[],"omits":[],"alterations":[],"suspensions":[],"substitutions":[],"pedal":null,"alternate":"","borrowed":null,"isRest":false,"recordingEndBeat":null},{"root":3,"beat":185,"duration":4,"type":5,"inversion":0,"applied":0,"adds":[],"omits":[],"alterations":[],"suspensions":[],"substitutions":[],"pedal":null,"alternate":"","borrowed":null,"isRest":false,"recordingEndBeat":null},{"root":5,"beat":189,"duration":4,"type":5,"inversion":0,"applied":0,"adds":[],"omits":[],"alterations":[],"suspensions":[],"substitutions":[],"pedal":null,"alternate":"","borrowed":null,"isRest":false,"recordingEndBeat":null}],"notes":[{"sd":"3","octave":0,"beat":1,"duration":4,"isRest":false,"recordingEndBeat":null},{"sd":"1","octave":0,"beat":5,"duration":2,"isRest":true,"recordingEndBeat":null},{"sd":"4","octave":0,"beat":7,"duration":1,"isRest":false,"recordingEndBeat":null},{"sd":"5","octave":0,"beat":8,"duration":1,"isRest":false,"recordingEndBeat":null},{"sd":"3","octave":0,"beat":9,"duration":4,"isRest":false,"recordingEndBeat":null},{"sd":"1","octave":0,"beat":13,"duration":4,"isRest":true,"recordingEndBeat":null},{"sd":"3","octave":0,"beat":17,"duration":4,"isRest":false,"recordingEndBeat":null},{"sd":"1","octave":0,"beat":21,"duration":2,"isRest":true,"recordingEndBeat":null},{"sd":"4","octave":0,"beat":23,"duration":1,"isRest":false,"recordingEndBeat":null},{"sd":"5","octave":0,"beat":24,"duration":1,"isRest":false,"recordingEndBeat":null},{"sd":"3","octave":0,"beat":25,"duration":4,"isRest":false,"recordingEndBeat":null},{"sd":"1","octave":0,"beat":29,"duration":4,"isRest":true,"recordingEndBeat":null},{"sd":"3","octave":0,"beat":33,"duration":4,"isRest":false,"recordingEndBeat":null},{"sd":"1","octave":0,"beat":37,"duration":2,"isRest":true,"recordingEndBeat":null},{"sd":"4","octave":0,"beat":39,"duration":1,"isRest":false,"recordingEndBeat":null},{"sd":"5","octave":0,"beat":40,"duration":1,"isRest":false,"recordingEndBeat":null},{"sd":"7","octave":0,"beat":41,"duration":2,"isRest":false,"recordingEndBeat":null},{"sd":"1","octave":0,"beat":43,"duration":1,"isRest":true,"recordingEndBeat":null},{"sd":"5","octave":0,"beat":44,"duration":1,"isRest":false,"recordingEndBeat":null},{"sd":"5","octave":0,"beat":45,"duration":2,"isRest":false,"recordingEndBeat":null},{"sd":"4","octave":0,"beat":47,"duration":2,"isRest":false,"recordingEndBeat":null},{"sd":"3","octave":0,"beat":49,"duration":4,"isRest":false,"recordingEndBeat":null},{"sd":"1","octave":0,"beat":53,"duration":2,"isRest":true,"recordingEndBeat":null},{"sd":"4","octave":0,"beat":55,"duration":1,"isRest":false,"recordingEndBeat":null},{"sd":"5","octave":0,"beat":56,"duration":1,"isRest":false,"recordingEndBeat":null},{"sd":"3","octave":0,"beat":57,"duration":2,"isRest":false,"recordingEndBeat":null},{"sd":"1","octave":0,"beat":59,"duration":1,"isRest":true,"recordingEndBeat":null},{"sd":"1","octave":0,"beat":60,"duration":1,"isRest":false,"recordingEndBeat":null},{"sd":"1","octave":0,"beat":61,"duration":2,"isRest":false,"recordingEndBeat":null},{"sd":"7","octave":-1,"beat":63,"duration":2,"isRest":false,"recordingEndBeat":null},{"sd":"3","octave":0,"beat":65,"duration":4,"isRest":false,"recordingEndBeat":null},{"sd":"1","octave":0,"beat":69,"duration":2,"isRest":true,"recordingEndBeat":null},{"sd":"4","octave":0,"beat":71,"duration":1,"isRest":false,"recordingEndBeat":null},{"sd":"5","octave":0,"beat":72,"duration":1,"isRest":false,"recordingEndBeat":null},{"sd":"7","octave":0,"beat":73,"duration":2,"isRest":false,"recordingEndBeat":null},{"sd":"1","octave":0,"beat":75,"duration":1,"isRest":true,"recordingEndBeat":null},{"sd":"5","octave":0,"beat":76,"duration":1,"isRest":false,"recordingEndBeat":null},{"sd":"5","octave":0,"beat":77,"duration":2,"isRest":false,"recordingEndBeat":null},{"sd":"4","octave":0,"beat":79,"duration":2,"isRest":false,"recordingEndBeat":null},{"sd":"3","octave":0,"beat":81,"duration":4,"isRest":false,"recordingEndBeat":null},{"sd":"1","octave":0,"beat":85,"duration":2,"isRest":true,"recordingEndBeat":null},{"sd":"4","octave":0,"beat":87,"duration":1,"isRest":false,"recordingEndBeat":null},{"sd":"5","octave":0,"beat":88,"duration":1,"isRest":false,"recordingEndBeat":null},{"sd":"3","octave":0,"beat":89,"duration":2,"isRest":false,"recordingEndBeat":null},{"sd":"1","octave":0,"beat":91,"duration":1,"isRest":true,"recordingEndBeat":null},{"sd":"1","octave":0,"beat":92,"duration":1,"isRest":false,"recordingEndBeat":null},{"sd":"1","octave":0,"beat":93,"duration":2,"isRest":false,"recordingEndBeat":null},{"sd":"7","octave":-1,"beat":95,"duration":2,"isRest":false,"recordingEndBeat":null},{"sd":"3","octave":0,"beat":97,"duration":4,"isRest":false,"recordingEndBeat":null},{"sd":"1","octave":0,"beat":101,"duration":2,"isRest":true,"recordingEndBeat":null},{"sd":"4","octave":0,"beat":103,"duration":1,"isRest":false,"recordingEndBeat":null},{"sd":"5","octave":0,"beat":104,"duration":1,"isRest":false,"recordingEndBeat":null},{"sd":"7","octave":0,"beat":105,"duration":2,"isRest":false,"recordingEndBeat":null},{"sd":"1","octave":0,"beat":107,"duration":1,"isRest":true,"recordingEndBeat":null},{"sd":"5","octave":0,"beat":108,"duration":1,"isRest":false,"recordingEndBeat":null},{"sd":"5","octave":0,"beat":109,"duration":2,"isRest":false,"recordingEndBeat":null},{"sd":"4","octave":0,"beat":111,"duration":2,"isRest":false,"recordingEndBeat":null},{"sd":"3","octave":0,"beat":113,"duration":4,"isRest":false,"recordingEndBeat":null},{"sd":"1","octave":0,"beat":117,"duration":2,"isRest":true,"recordingEndBeat":null},{"sd":"4","octave":0,"beat":119,"duration":1,"isRest":false,"recordingEndBeat":null},{"sd":"5","octave":0,"beat":120,"duration":1,"isRest":false,"recordingEndBeat":null},{"sd":"3","octave":0,"beat":121,"duration":2,"isRest":false,"recordingEndBeat":null},{"sd":"1","octave":0,"beat":123,"duration":1,"isRest":true,"recordingEndBeat":null},{"sd":"1","octave":0,"beat":124,"duration":1,"isRest":false,"recordingEndBeat":null},{"sd":"1","octave":0,"beat":125,"duration":2,"isRest":false,"recordingEndBeat":null},{"sd":"7","octave":-1,"beat":127,"duration":2,"isRest":false,"recordingEndBeat":null},{"sd":"3","octave":0,"beat":129,"duration":4,"isRest":false,"recordingEndBeat":null},{"sd":"1","octave":0,"beat":133,"duration":2,"isRest":true,"recordingEndBeat":null},{"sd":"4","octave":0,"beat":135,"duration":1,"isRest":false,"recordingEndBeat":null},{"sd":"5","octave":0,"beat":136,"duration":1,"isRest":false,"recordingEndBeat":null},{"sd":"7","octave":0,"beat":137,"duration":2,"isRest":false,"recordingEndBeat":null},{"sd":"1","octave":0,"beat":139,"duration":1,"isRest":true,"recordingEndBeat":null},{"sd":"5","octave":0,"beat":140,"duration":1,"isRest":false,"recordingEndBeat":null},{"sd":"5","octave":0,"beat":141,"duration":2,"isRest":false,"recordingEndBeat":null},{"sd":"4","octave":0,"beat":143,"duration":2,"isRest":false,"recordingEndBeat":null},{"sd":"3","octave":0,"beat":145,"duration":4,"isRest":false,"recordingEndBeat":null},{"sd":"1","octave":0,"beat":149,"duration":2,"isRest":true,"recordingEndBeat":null},{"sd":"4","octave":0,"beat":151,"duration":1,"isRest":false,"recordingEndBeat":null},{"sd":"5","octave":0,"beat":152,"duration":1,"isRest":false,"recordingEndBeat":null},{"sd":"3","octave":0,"beat":153,"duration":2,"isRest":false,"recordingEndBeat":null},{"sd":"1","octave":0,"beat":155,"duration":1,"isRest":true,"recordingEndBeat":null},{"sd":"1","octave":0,"beat":156,"duration":1,"isRest":false,"recordingEndBeat":null},{"sd":"1","octave":0,"beat":157,"duration":2,"isRest":false,"recordingEndBeat":null},{"sd":"7","octave":-1,"beat":159,"duration":2,"isRest":false,"recordingEndBeat":null},{"sd":"3","octave":0,"beat":161,"duration":4,"isRest":false,"recordingEndBeat":null},{"sd":"1","octave":0,"beat":165,"duration":2,"isRest":true,"recordingEndBeat":null},{"sd":"4","octave":0,"beat":167,"duration":1,"isRest":false,"recordingEndBeat":null},{"sd":"5","octave":0,"beat":168,"duration":1,"isRest":false,"recordingEndBeat":null},{"sd":"7","octave":0,"beat":169,"duration":2,"isRest":false,"recordingEndBeat":null},{"sd":"1","octave":0,"beat":171,"duration":1,"isRest":true,"recordingEndBeat":null},{"sd":"5","octave":0,"beat":172,"duration":1,"isRest":false,"recordingEndBeat":null},{"sd":"5","octave":0,"beat":173,"duration":2,"isRest":false,"recordingEndBeat":null},{"sd":"4","octave":0,"beat":175,"duration":2,"isRest":false,"recordingEndBeat":null},{"sd":"3","octave":0,"beat":177,"duration":4,"isRest":false,"recordingEndBeat":null},{"sd":"1","octave":0,"beat":181,"duration":2,"isRest":true,"recordingEndBeat":null},{"sd":"4","octave":0,"beat":183,"duration":1,"isRest":false,"recordingEndBeat":null},{"sd":"5","octave":0,"beat":184,"duration":1,"isRest":false,"recordingEndBeat":null},{"sd":"3","octave":0,"beat":185,"duration":2,"isRest":false,"recordingEndBeat":null},{"sd":"1","octave":0,"beat":187,"duration":1,"isRest":true,"recordingEndBeat":null},{"sd":"1","octave":0,"beat":188,"duration":1,"isRest":false,"recordingEndBeat":null},{"sd":"1","octave":0,"beat":189,"duration":2,"isRest":false,"recordingEndBeat":null},{"sd":"7","octave":-1,"beat":191,"duration":2,"isRest":false,"recordingEndBeat":null}],"keys":[{"beat":1,"scale":"minor","tonic":"A"}],"tempos":[{"beat":1,"bpm":141,"swingFactor":0,"swingBeat":0.5}],"meters":[{"beat":1,"numBeats":4,"beatUnit":1}],"breaks":[],"bands":[{"beat":1,"lead1":[{"mute":false,"octaveOffset":0,"velocity":0.8,"specification":"Piano Lead","midiChannel":1,"useHookpadOutput":true,"useMIDIOutput":true,"solo":false,"wasMutedBeforeSolo":false,"pan":0,"timing":0}],"lead2":[{"mute":false,"specification":"Piano Lead","midiChannel":2,"useHookpadOutput":true,"useMIDIOutput":true,"solo":false,"wasMutedBeforeSolo":false,"pan":0,"timing":0}],"lead3":[{"mute":false,"specification":"Piano Lead","midiChannel":3,"useHookpadOutput":true,"useMIDIOutput":true,"solo":false,"wasMutedBeforeSolo":false,"pan":0,"timing":0}],"lead4":[{"mute":false,"specification":"Piano Lead","midiChannel":4,"useHookpadOutput":true,"useMIDIOutput":true,"solo":false,"wasMutedBeforeSolo":false,"pan":0,"timing":0}],"harmony":[{"octaveOffset":0,"velocity":0.8,"specification":"Piano 1/4s","midiChannel":5,"useHookpadOutput":true,"useMIDIOutput":true,"solo":false,"wasMutedBeforeSolo":false,"pan":0,"timing":0}],"bass":[{"octaveOffset":0,"velocity":0.8,"specification":"Piano Bass-Dotted","midiChannel":9,"useHookpadOutput":true,"useMIDIOutput":false,"solo":false,"wasMutedBeforeSolo":false,"pan":0,"timing":0}],"drums":[{"octaveOffset":0,"velocity":0,"specification":"Basic Pop 22","midiChannel":10,"useHookpadOutput":true,"useMIDIOutput":true,"solo":false,"wasMutedBeforeSolo":false,"pan":0,"timing":0}]}],"lyrics":{"isOpen":false,"isFocused":false,"rerender":0.5097664077664253,"values":["","","",""],"sectionLyrics":[{"sectionName":"Song","lyrics":["","","",""]}]},"sections":[],"cursor":{"beat":1,"location":"cursor-chord-staff"},"settings":{"widthBeat":36,"zoom":1,"youtubeVolume":70,"globalDetune":0,"metronome":false,"relativeNotation":true,"staffMode":"note-staff-mode-collapsed","wrapMode":"wrap-mode-fixed-mreasures-per-line","wrapModeMeasuresPerLine":8,"colorMode":"diatonic-centric","showMeasureStaff":true,"showLoopStaff":true,"showNoteStaff":true,"showChordStaff":true,"inactiveMelodyDisplay":"inactive-melody-colored-by-index","showOnlyStableInStaff":false,"midiOutputLatency":0,"compressorValue":0.5,"compressorIsActive":false,"enableExternalMP3":true,"externalMP3URL":"","externalMP3StartBeat":1,"externalMP3Duration":0,"isExternalMP3Loaded":false,"leadTrackNames":["Lead 1","Lead 2","Lead 3","Lead 4"],"playbackTransposition":0},"loopGui":{"looping":false,"beat":1,"duration":16},"youtube":{"id":"ln_nkxwT_Tc","syncStart":0.6992611921431047,"syncEnd":0.9536770282881946,"syncMode":"youtube-sync-mode-test"},"keyFrames":[{"beat":1},{"beat":193}],"activeMelodyIndex":0,"endBeat":193,"inactiveNotes":[[{"sd":"3","octave":0,"beat":1,"duration":4,"isRest":false,"recordingEndBeat":null},{"sd":"1","octave":0,"beat":5,"duration":2,"isRest":true,"recordingEndBeat":null},{"sd":"4","octave":0,"beat":7,"duration":1,"isRest":false,"recordingEndBeat":null},{"sd":"5","octave":0,"beat":8,"duration":1,"isRest":false,"recordingEndBeat":null},{"sd":"3","octave":0,"beat":9,"duration":4,"isRest":false,"recordingEndBeat":null},{"sd":"1","octave":0,"beat":13,"duration":4,"isRest":true,"recordingEndBeat":null},{"sd":"3","octave":0,"beat":17,"duration":4,"isRest":false,"recordingEndBeat":null},{"sd":"1","octave":0,"beat":21,"duration":2,"isRest":true,"recordingEndBeat":null},{"sd":"4","octave":0,"beat":23,"duration":1,"isRest":false,"recordingEndBeat":null},{"sd":"5","octave":0,"beat":24,"duration":1,"isRest":false,"recordingEndBeat":null},{"sd":"3","octave":0,"beat":25,"duration":4,"isRest":false,"recordingEndBeat":null},{"sd":"1","octave":0,"beat":29,"duration":4,"isRest":true,"recordingEndBeat":null},{"sd":"3","octave":0,"beat":33,"duration":4,"isRest":false,"recordingEndBeat":null},{"sd":"1","octave":0,"beat":37,"duration":2,"isRest":true,"recordingEndBeat":null},{"sd":"4","octave":0,"beat":39,"duration":1,"isRest":false,"recordingEndBeat":null},{"sd":"5","octave":0,"beat":40,"duration":1,"isRest":false,"recordingEndBeat":null},{"sd":"7","octave":0,"beat":41,"duration":2,"isRest":false,"recordingEndBeat":null},{"sd":"1","octave":0,"beat":43,"duration":1,"isRest":true,"recordingEndBeat":null},{"sd":"5","octave":0,"beat":44,"duration":1,"isRest":false,"recordingEndBeat":null},{"sd":"5","octave":0,"beat":45,"duration":2,"isRest":false,"recordingEndBeat":null},{"sd":"4","octave":0,"beat":47,"duration":2,"isRest":false,"recordingEndBeat":null},{"sd":"3","octave":0,"beat":49,"duration":4,"isRest":false,"recordingEndBeat":null},{"sd":"1","octave":0,"beat":53,"duration":2,"isRest":true,"recordingEndBeat":null},{"sd":"4","octave":0,"beat":55,"duration":1,"isRest":false,"recordingEndBeat":null},{"sd":"5","octave":0,"beat":56,"duration":1,"isRest":false,"recordingEndBeat":null},{"sd":"3","octave":0,"beat":57,"duration":2,"isRest":false,"recordingEndBeat":null},{"sd":"1","octave":0,"beat":59,"duration":1,"isRest":true,"recordingEndBeat":null},{"sd":"1","octave":0,"beat":60,"duration":1,"isRest":false,"recordingEndBeat":null},{"sd":"1","octave":0,"beat":61,"duration":2,"isRest":false,"recordingEndBeat":null},{"sd":"7","octave":-1,"beat":63,"duration":2,"isRest":false,"recordingEndBeat":null},{"sd":"3","octave":0,"beat":65,"duration":4,"isRest":false,"recordingEndBeat":null},{"sd":"1","octave":0,"beat":69,"duration":2,"isRest":true,"recordingEndBeat":null},{"sd":"4","octave":0,"beat":71,"duration":1,"isRest":false,"recordingEndBeat":null},{"sd":"5","octave":0,"beat":72,"duration":1,"isRest":false,"recordingEndBeat":null},{"sd":"7","octave":0,"beat":73,"duration":2,"isRest":false,"recordingEndBeat":null},{"sd":"1","octave":0,"beat":75,"duration":1,"isRest":true,"recordingEndBeat":null},{"sd":"5","octave":0,"beat":76,"duration":1,"isRest":false,"recordingEndBeat":null},{"sd":"5","octave":0,"beat":77,"duration":2,"isRest":false,"recordingEndBeat":null},{"sd":"4","octave":0,"beat":79,"duration":2,"isRest":false,"recordingEndBeat":null},{"sd":"3","octave":0,"beat":81,"duration":4,"isRest":false,"recordingEndBeat":null},{"sd":"1","octave":0,"beat":85,"duration":2,"isRest":true,"recordingEndBeat":null},{"sd":"4","octave":0,"beat":87,"duration":1,"isRest":false,"recordingEndBeat":null},{"sd":"5","octave":0,"beat":88,"duration":1,"isRest":false,"recordingEndBeat":null},{"sd":"3","octave":0,"beat":89,"duration":2,"isRest":false,"recordingEndBeat":null},{"sd":"1","octave":0,"beat":91,"duration":1,"isRest":true,"recordingEndBeat":null},{"sd":"1","octave":0,"beat":92,"duration":1,"isRest":false,"recordingEndBeat":null},{"sd":"1","octave":0,"beat":93,"duration":2,"isRest":false,"recordingEndBeat":null},{"sd":"7","octave":-1,"beat":95,"duration":2,"isRest":false,"recordingEndBeat":null},{"sd":"3","octave":0,"beat":97,"duration":4,"isRest":false,"recordingEndBeat":null},{"sd":"1","octave":0,"beat":101,"duration":2,"isRest":true,"recordingEndBeat":null},{"sd":"4","octave":0,"beat":103,"duration":1,"isRest":false,"recordingEndBeat":null},{"sd":"5","octave":0,"beat":104,"duration":1,"isRest":false,"recordingEndBeat":null},{"sd":"7","octave":0,"beat":105,"duration":2,"isRest":false,"recordingEndBeat":null},{"sd":"1","octave":0,"beat":107,"duration":1,"isRest":true,"recordingEndBeat":null},{"sd":"5","octave":0,"beat":108,"duration":1,"isRest":false,"recordingEndBeat":null},{"sd":"5","octave":0,"beat":109,"duration":2,"isRest":false,"recordingEndBeat":null},{"sd":"4","octave":0,"beat":111,"duration":2,"isRest":false,"recordingEndBeat":null},{"sd":"3","octave":0,"beat":113,"duration":4,"isRest":false,"recordingEndBeat":null},{"sd":"1","octave":0,"beat":117,"duration":2,"isRest":true,"recordingEndBeat":null},{"sd":"4","octave":0,"beat":119,"duration":1,"isRest":false,"recordingEndBeat":null},{"sd":"5","octave":0,"beat":120,"duration":1,"isRest":false,"recordingEndBeat":null},{"sd":"3","octave":0,"beat":121,"duration":2,"isRest":false,"recordingEndBeat":null},{"sd":"1","octave":0,"beat":123,"duration":1,"isRest":true,"recordingEndBeat":null},{"sd":"1","octave":0,"beat":124,"duration":1,"isRest":false,"recordingEndBeat":null},{"sd":"1","octave":0,"beat":125,"duration":2,"isRest":false,"recordingEndBeat":null},{"sd":"7","octave":-1,"beat":127,"duration":2,"isRest":false,"recordingEndBeat":null},{"sd":"3","octave":0,"beat":129,"duration":4,"isRest":false,"recordingEndBeat":null},{"sd":"1","octave":0,"beat":133,"duration":2,"isRest":true,"recordingEndBeat":null},{"sd":"4","octave":0,"beat":135,"duration":1,"isRest":false,"recordingEndBeat":null},{"sd":"5","octave":0,"beat":136,"duration":1,"isRest":false,"recordingEndBeat":null},{"sd":"7","octave":0,"beat":137,"duration":2,"isRest":false,"recordingEndBeat":null},{"sd":"1","octave":0,"beat":139,"duration":1,"isRest":true,"recordingEndBeat":null},{"sd":"5","octave":0,"beat":140,"duration":1,"isRest":false,"recordingEndBeat":null},{"sd":"5","octave":0,"beat":141,"duration":2,"isRest":false,"recordingEndBeat":null},{"sd":"4","octave":0,"beat":143,"duration":2,"isRest":false,"recordingEndBeat":null},{"sd":"3","octave":0,"beat":145,"duration":4,"isRest":false,"recordingEndBeat":null},{"sd":"1","octave":0,"beat":149,"duration":2,"isRest":true,"recordingEndBeat":null},{"sd":"4","octave":0,"beat":151,"duration":1,"isRest":false,"recordingEndBeat":null},{"sd":"5","octave":0,"beat":152,"duration":1,"isRest":false,"recordingEndBeat":null},{"sd":"3","octave":0,"beat":153,"duration":2,"isRest":false,"recordingEndBeat":null},{"sd":"1","octave":0,"beat":155,"duration":1,"isRest":true,"recordingEndBeat":null},{"sd":"1","octave":0,"beat":156,"duration":1,"isRest":false,"recordingEndBeat":null},{"sd":"1","octave":0,"beat":157,"duration":2,"isRest":false,"recordingEndBeat":null},{"sd":"7","octave":-1,"beat":159,"duration":2,"isRest":false,"recordingEndBeat":null},{"sd":"3","octave":0,"beat":161,"duration":4,"isRest":false,"recordingEndBeat":null},{"sd":"1","octave":0,"beat":165,"duration":2,"isRest":true,"recordingEndBeat":null},{"sd":"4","octave":0,"beat":167,"duration":1,"isRest":false,"recordingEndBeat":null},{"sd":"5","octave":0,"beat":168,"duration":1,"isRest":false,"recordingEndBeat":null},{"sd":"7","octave":0,"beat":169,"duration":2,"isRest":false,"recordingEndBeat":null},{"sd":"1","octave":0,"beat":171,"duration":1,"isRest":true,"recordingEndBeat":null},{"sd":"5","octave":0,"beat":172,"duration":1,"isRest":false,"recordingEndBeat":null},{"sd":"5","octave":0,"beat":173,"duration":2,"isRest":false,"recordingEndBeat":null},{"sd":"4","octave":0,"beat":175,"duration":2,"isRest":false,"recordingEndBeat":null},{"sd":"3","octave":0,"beat":177,"duration":4,"isRest":false,"recordingEndBeat":null},{"sd":"1","octave":0,"beat":181,"duration":2,"isRest":true,"recordingEndBeat":null},{"sd":"4","octave":0,"beat":183,"duration":1,"isRest":false,"recordingEndBeat":null},{"sd":"5","octave":0,"beat":184,"duration":1,"isRest":false,"recordingEndBeat":null},{"sd":"3","octave":0,"beat":185,"duration":2,"isRest":false,"recordingEndBeat":null},{"sd":"1","octave":0,"beat":187,"duration":1,"isRest":true,"recordingEndBeat":null},{"sd":"1","octave":0,"beat":188,"duration":1,"isRest":false,"recordingEndBeat":null},{"sd":"1","octave":0,"beat":189,"duration":2,"isRest":false,"recordingEndBeat":null},{"sd":"7","octave":-1,"beat":191,"duration":2,"isRest":false,"recordingEndBeat":null}],[],[],[]],"visibleMelodies":[0,1,2,3],"soloAndMutedMelodies":{"harmonyVolume":0.7,"externalFileVolume":0.6,"drumsVolume":0.7,"metronomeVolume":0.3,"lead1Volume":0.7,"lead2Volume":0.7,"lead3Volume":0.7,"lead4Volume":0.7,"mute":{"master":false,"harmony":false,"external":false,"drums":false,"metronome":true,"lead1":false,"lead2":false,"lead3":false,"lead4":false,"bass":false},"bassVolume":0.7,"volume":1,"solo":{"harmony":false,"external":false,"drums":false,"metronome":false,"lead1":false,"lead2":false,"lead3":false,"lead4":false,"bass":false},"wasMutedBeforeSoloed":{"harmony":false,"external":false,"drums":false,"metronome":false,"lead1":false,"lead2":false,"lead3":false,"lead4":false,"bass":false}},"FXBypass":{},"customFXParams":{},"customSynthParams":{},"pickup":false,"fp":"466ab9ffd124877b1eaa1dcf6a7a9883e41fc381"}