﻿{"version":"2.24.3","chords":[{"root":1,"beat":1,"duration":1.5,"type":5,"inversion":0,"applied":0,"adds":[],"omits":[],"alterations":[],"suspensions":[],"substitutions":[],"pedal":null,"alternate":"","borrowed":null,"isRest":false,"recordingEndBeat":null},{"root":2,"beat":2.5,"duration":2.5,"type":5,"inversion":0,"applied":0,"adds":[],"omits":[],"alterations":[],"suspensions":[],"substitutions":[],"pedal":null,"alternate":"","borrowed":[-1,1,3,4,6,8,10],"isRest":false,"recordingEndBeat":null},{"root":1,"beat":5,"duration":1.5,"type":5,"inversion":0,"applied":0,"adds":[],"omits":[],"alterations":[],"suspensions":[],"substitutions":[],"pedal":null,"alternate":"","borrowed":null,"isRest":false,"recordingEndBeat":null},{"root":2,"beat":6.5,"duration":2.5,"type":7,"inversion":3,"applied":0,"adds":[],"omits":[],"alterations":[],"suspensions":[],"substitutions":[],"pedal":null,"alternate":"","borrowed":"lydian","isRest":false,"recordingEndBeat":null},{"root":1,"beat":9,"duration":1.5,"type":5,"inversion":0,"applied":0,"adds":[],"omits":[],"alterations":[],"suspensions":[],"substitutions":[],"pedal":null,"alternate":"","borrowed":null,"isRest":false,"recordingEndBeat":null},{"root":2,"beat":10.5,"duration":2.5,"type":5,"inversion":0,"applied":0,"adds":[],"omits":[],"alterations":[],"suspensions":[],"substitutions":[],"pedal":null,"alternate":"","borrowed":[-1,1,3,4,6,8,10],"isRest":false,"recordingEndBeat":null},{"root":6,"beat":13,"duration":1.5,"type":5,"inversion":0,"applied":0,"adds":[],"omits":[],"alterations":[],"suspensions":[],"substitutions":[],"pedal":null,"alternate":"","borrowed":"dorian","isRest":false,"recordingEndBeat":null},{"root":5,"beat":14.5,"duration":2.5,"type":5,"inversion":0,"applied":0,"adds":[],"omits":[],"alterations":[],"suspensions":[],"substitutions":[],"pedal":null,"alternate":"","borrowed":"major","isRest":false,"recordingEndBeat":null},{"root":1,"beat":17,"duration":1.5,"type":5,"inversion":0,"applied":0,"adds":[],"omits":[],"alterations":[],"suspensions":[],"substitutions":[],"pedal":null,"alternate":"","borrowed":null,"isRest":false,"recordingEndBeat":null},{"root":2,"beat":18.5,"duration":2.5,"type":5,"inversion":0,"applied":0,"adds":[],"omits":[],"alterations":[],"suspensions":[],"substitutions":[],"pedal":null,"alternate":"","borrowed":[-1,1,3,4,6,8,10],"isRest":false,"recordingEndBeat":null},{"root":1,"beat":21,"duration":1.5,"type":5,"inversion":0,"applied":0,"adds":[],"omits":[],"alterations":[],"suspensions":[],"substitutions":[],"pedal":null,"alternate":"","borrowed":null,"isRest":false,"recordingEndBeat":null},{"root":2,"beat":22.5,"duration":2.5,"type":7,"inversion":3,"applied":0,"adds":[],"omits":[],"alterations":[],"suspensions":[],"substitutions":[],"pedal":null,"alternate":"","borrowed":"lydian","isRest":false,"recordingEndBeat":null},{"root":1,"beat":25,"duration":1.5,"type":5,"inversion":2,"applied":0,"adds":[],"omits":[],"alterations":[],"suspensions":[],"substitutions":[],"pedal":null,"alternate":"","borrowed":null,"isRest":false,"recordingEndBeat":null},{"root":2,"beat":26.5,"duration":2.5,"type":5,"inversion":0,"applied":0,"adds":[],"omits":[],"alterations":[],"suspensions":[],"substitutions":[],"pedal":null,"alternate":"","borrowed":[-1,1,3,4,6,8,10],"isRest":false,"recordingEndBeat":null},{"root":6,"beat":29,"duration":1.5,"type":7,"inversion":3,"applied":0,"adds":[],"omits":[],"alterations":[],"suspensions":[],"substitutions":[],"pedal":null,"alternate":"","borrowed":"dorian","isRest":false,"recordingEndBeat":null},{"root":5,"beat":30.5,"duration":2.5,"type":5,"inversion":0,"applied":0,"adds":[],"omits":[],"alterations":[],"suspensions":[],"substitutions":[],"pedal":null,"alternate":"","borrowed":"major","isRest":false,"recordingEndBeat":null},{"root":1,"beat":33,"duration":1.5,"type":5,"inversion":0,"applied":0,"adds":[],"omits":[],"alterations":[],"suspensions":[],"substitutions":[],"pedal":null,"alternate":"","borrowed":null,"isRest":false,"recordingEndBeat":null},{"root":2,"beat":34.5,"duration":2.5,"type":5,"inversion":0,"applied":0,"adds":[],"omits":[],"alterations":[],"suspensions":[],"substitutions":[],"pedal":null,"alternate":"","borrowed":[-1,1,3,4,6,8,10],"isRest":false,"recordingEndBeat":null},{"root":1,"beat":37,"duration":1.5,"type":5,"inversion":0,"applied":0,"adds":[],"omits":[],"alterations":[],"suspensions":[],"substitutions":[],"pedal":null,"alternate":"","borrowed":null,"isRest":false,"recordingEndBeat":null},{"root":2,"beat":38.5,"duration":2.5,"type":7,"inversion":3,"applied":0,"adds":[],"omits":[],"alterations":[],"suspensions":[],"substitutions":[],"pedal":null,"alternate":"","borrowed":"lydian","isRest":false,"recordingEndBeat":null},{"root":1,"beat":41,"duration":1.5,"type":5,"inversion":0,"applied":0,"adds":[],"omits":[],"alterations":[],"suspensions":[],"substitutions":[],"pedal":null,"alternate":"","borrowed":null,"isRest":false,"recordingEndBeat":null},{"root":2,"beat":42.5,"duration":2.5,"type":5,"inversion":0,"applied":0,"adds":[],"omits":[],"alterations":[],"suspensions":[],"substitutions":[],"pedal":null,"alternate":"","borrowed":[-1,1,3,4,6,8,10],"isRest":false,"recordingEndBeat":null},{"root":6,"beat":45,"duration":1.5,"type":5,"inversion":1,"applied":0,"adds":[],"omits":[],"alterations":[],"suspensions":[],"substitutions":[],"pedal":null,"alternate":"","borrowed":"dorian","isRest":false,"recordingEndBeat":null},{"root":5,"beat":46.5,"duration":2.5,"type":5,"inversion":0,"applied":0,"adds":[],"omits":[],"alterations":[],"suspensions":[],"substitutions":[],"pedal":null,"alternate":"","borrowed":"major","isRest":false,"recordingEndBeat":null},{"root":1,"beat":49,"duration":1.5,"type":5,"inversion":0,"applied":0,"adds":[],"omits":[],"alterations":[],"suspensions":[],"substitutions":[],"pedal":null,"alternate":"","borrowed":null,"isRest":false,"recordingEndBeat":null},{"root":2,"beat":50.5,"duration":2.5,"type":5,"inversion":0,"applied":0,"adds":[],"omits":[],"alterations":[],"suspensions":[],"substitutions":[],"pedal":null,"alternate":"","borrowed":[-1,1,3,4,6,8,10],"isRest":false,"recordingEndBeat":null},{"root":1,"beat":53,"duration":1.5,"type":5,"inversion":0,"applied":0,"adds":[],"omits":[],"alterations":[],"suspensions":[],"substitutions":[],"pedal":null,"alternate":"","borrowed":null,"isRest":false,"recordingEndBeat":null},{"root":2,"beat":54.5,"duration":2.5,"type":7,"inversion":3,"applied":0,"adds":[],"omits":[],"alterations":[],"suspensions":[],"substitutions":[],"pedal":null,"alternate":"","borrowed":"lydian","isRest":false,"recordingEndBeat":null},{"root":1,"beat":57,"duration":1.5,"type":5,"inversion":0,"applied":0,"adds":[],"omits":[],"alterations":[],"suspensions":[],"substitutions":[],"pedal":null,"alternate":"","borrowed":null,"isRest":false,"recordingEndBeat":null},{"root":2,"beat":58.5,"duration":2.5,"type":5,"inversion":0,"applied":0,"adds":[],"omits":[],"alterations":[],"suspensions":[],"substitutions":[],"pedal":null,"alternate":"","borrowed":[-1,1,3,4,6,8,10],"isRest":false,"recordingEndBeat":null},{"root":6,"beat":61,"duration":1.5,"type":5,"inversion":1,"applied":0,"adds":[],"omits":[],"alterations":[],"suspensions":[],"substitutions":[],"pedal":null,"alternate":"","borrowed":"dorian","isRest":false,"recordingEndBeat":null},{"root":5,"beat":62.5,"duration":2.5,"type":5,"inversion":0,"applied":0,"adds":[],"omits":[],"alterations":[],"suspensions":[],"substitutions":[],"pedal":null,"alternate":"","borrowed":"major","isRest":false,"recordingEndBeat":null}],"notes":[{"sd":"5","octave":0,"beat":1,"duration":0.5,"isRest":false,"recordingEndBeat":null},{"sd":"3","octave":0,"beat":1.5,"duration":0.5,"isRest":false,"recordingEndBeat":null},{"sd":"1","octave":0,"beat":2,"duration":0.5,"isRest":false,"recordingEndBeat":null},{"sd":"6","octave":0,"beat":2.5,"duration":1,"isRest":false,"recordingEndBeat":null},{"sd":"#3","octave":0,"beat":3.5,"duration":0.5,"isRest":false,"recordingEndBeat":null},{"sd":"b2","octave":0,"beat":4,"duration":1,"isRest":false,"recordingEndBeat":null},{"sd":"5","octave":0,"beat":5,"duration":0.5,"isRest":false,"recordingEndBeat":null},{"sd":"3","octave":0,"beat":5.5,"duration":0.5,"isRest":false,"recordingEndBeat":null},{"sd":"1","octave":0,"beat":6,"duration":0.5,"isRest":false,"recordingEndBeat":null},{"sd":"b5","octave":0,"beat":6.5,"duration":1,"isRest":false,"recordingEndBeat":null},{"sd":"2","octave":0,"beat":7.5,"duration":0.5,"isRest":false,"recordingEndBeat":null},{"sd":"b1","octave":0,"beat":8,"duration":1,"isRest":false,"recordingEndBeat":null},{"sd":"5","octave":0,"beat":9,"duration":0.5,"isRest":false,"recordingEndBeat":null},{"sd":"3","octave":0,"beat":9.5,"duration":0.5,"isRest":false,"recordingEndBeat":null},{"sd":"1","octave":0,"beat":10,"duration":0.5,"isRest":false,"recordingEndBeat":null},{"sd":"6","octave":0,"beat":10.5,"duration":1,"isRest":false,"recordingEndBeat":null},{"sd":"#3","octave":0,"beat":11.5,"duration":0.5,"isRest":false,"recordingEndBeat":null},{"sd":"b2","octave":0,"beat":12,"duration":1,"isRest":false,"recordingEndBeat":null},{"sd":"#6","octave":0,"beat":13,"duration":0.5,"isRest":false,"recordingEndBeat":null},{"sd":"#4","octave":0,"beat":13.5,"duration":0.5,"isRest":false,"recordingEndBeat":null},{"sd":"3","octave":0,"beat":14,"duration":0.5,"isRest":false,"recordingEndBeat":null},{"sd":"#7","octave":0,"beat":14.5,"duration":1,"isRest":false,"recordingEndBeat":null},{"sd":"5","octave":0,"beat":15.5,"duration":0.5,"isRest":false,"recordingEndBeat":null},{"sd":"2","octave":0,"beat":16,"duration":1,"isRest":false,"recordingEndBeat":null},{"sd":"5","octave":0,"beat":17,"duration":0.5,"isRest":false,"recordingEndBeat":null},{"sd":"3","octave":0,"beat":17.5,"duration":0.5,"isRest":false,"recordingEndBeat":null},{"sd":"1","octave":0,"beat":18,"duration":0.5,"isRest":false,"recordingEndBeat":null},{"sd":"6","octave":0,"beat":18.5,"duration":1,"isRest":false,"recordingEndBeat":null},{"sd":"#3","octave":0,"beat":19.5,"duration":0.5,"isRest":false,"recordingEndBeat":null},{"sd":"b2","octave":0,"beat":20,"duration":1,"isRest":false,"recordingEndBeat":null},{"sd":"5","octave":0,"beat":21,"duration":0.5,"isRest":false,"recordingEndBeat":null},{"sd":"3","octave":0,"beat":21.5,"duration":0.5,"isRest":false,"recordingEndBeat":null},{"sd":"1","octave":0,"beat":22,"duration":0.5,"isRest":false,"recordingEndBeat":null},{"sd":"b5","octave":0,"beat":22.5,"duration":1,"isRest":false,"recordingEndBeat":null},{"sd":"2","octave":0,"beat":23.5,"duration":0.5,"isRest":false,"recordingEndBeat":null},{"sd":"b1","octave":0,"beat":24,"duration":1,"isRest":false,"recordingEndBeat":null},{"sd":"5","octave":0,"beat":25,"duration":0.5,"isRest":false,"recordingEndBeat":null},{"sd":"3","octave":0,"beat":25.5,"duration":0.5,"isRest":false,"recordingEndBeat":null},{"sd":"1","octave":0,"beat":26,"duration":0.5,"isRest":false,"recordingEndBeat":null},{"sd":"6","octave":0,"beat":26.5,"duration":1,"isRest":false,"recordingEndBeat":null},{"sd":"#3","octave":0,"beat":27.5,"duration":0.5,"isRest":false,"recordingEndBeat":null},{"sd":"b2","octave":0,"beat":28,"duration":1,"isRest":false,"recordingEndBeat":null},{"sd":"#6","octave":0,"beat":29,"duration":0.5,"isRest":false,"recordingEndBeat":null},{"sd":"#4","octave":0,"beat":29.5,"duration":0.5,"isRest":false,"recordingEndBeat":null},{"sd":"3","octave":0,"beat":30,"duration":0.5,"isRest":false,"recordingEndBeat":null},{"sd":"#7","octave":0,"beat":30.5,"duration":1,"isRest":false,"recordingEndBeat":null},{"sd":"5","octave":0,"beat":31.5,"duration":0.5,"isRest":false,"recordingEndBeat":null},{"sd":"2","octave":0,"beat":32,"duration":1,"isRest":false,"recordingEndBeat":null},{"sd":"3","octave":0,"beat":33,"duration":1.5,"isRest":false,"recordingEndBeat":null},{"sd":"b4","octave":0,"beat":34.5,"duration":2.5,"isRest":false,"recordingEndBeat":null},{"sd":"5","octave":0,"beat":37,"duration":1.5,"isRest":false,"recordingEndBeat":null},{"sd":"#4","octave":0,"beat":38.5,"duration":2.5,"isRest":false,"recordingEndBeat":null},{"sd":"3","octave":0,"beat":41,"duration":1.5,"isRest":false,"recordingEndBeat":null},{"sd":"b4","octave":0,"beat":42.5,"duration":2.5,"isRest":false,"recordingEndBeat":null},{"sd":"#4","octave":0,"beat":45,"duration":1.5,"isRest":false,"recordingEndBeat":null},{"sd":"5","octave":0,"beat":46.5,"duration":2.5,"isRest":false,"recordingEndBeat":null},{"sd":"3","octave":0,"beat":49,"duration":1.5,"isRest":false,"recordingEndBeat":null},{"sd":"b4","octave":0,"beat":50.5,"duration":2.5,"isRest":false,"recordingEndBeat":null},{"sd":"5","octave":0,"beat":53,"duration":1.5,"isRest":false,"recordingEndBeat":null},{"sd":"#4","octave":0,"beat":54.5,"duration":2.5,"isRest":false,"recordingEndBeat":null},{"sd":"3","octave":0,"beat":57,"duration":1.5,"isRest":false,"recordingEndBeat":null},{"sd":"b4","octave":0,"beat":58.5,"duration":2.5,"isRest":false,"recordingEndBeat":null},{"sd":"#4","octave":0,"beat":61,"duration":1.5,"isRest":false,"recordingEndBeat":null},{"sd":"5","octave":0,"beat":62.5,"duration":2.5,"isRest":false,"recordingEndBeat":null}],"keys":[{"beat":1,"scale":"minor","tonic":"Bb"}],"tempos":[{"beat":1,"bpm":176,"swingFactor":0,"swingBeat":0.5}],"meters":[{"beat":1,"numBeats":4,"beatUnit":1}],"breaks":[],"bands":[{"beat":1,"lead1":[{"mute":false,"octaveOffset":0,"velocity":0.8,"specification":"Piano Lead","midiChannel":1,"useHookpadOutput":true,"useMIDIOutput":true,"solo":false,"wasMutedBeforeSolo":false,"pan":0,"timing":0}],"lead2":[{"mute":false,"octaveOffset":0,"velocity":0.5,"specification":"Piano Lead","midiChannel":2,"useHookpadOutput":true,"useMIDIOutput":true,"solo":false,"wasMutedBeforeSolo":false,"pan":0,"timing":0}],"lead3":[{"mute":false,"octaveOffset":0,"velocity":0.5,"specification":"Piano Lead","midiChannel":3,"useHookpadOutput":true,"useMIDIOutput":true,"solo":false,"wasMutedBeforeSolo":false,"pan":0,"timing":0}],"lead4":[{"mute":false,"octaveOffset":0,"velocity":0.5,"specification":"Piano Lead","midiChannel":4,"useHookpadOutput":true,"useMIDIOutput":true,"solo":false,"wasMutedBeforeSolo":false,"pan":0,"timing":0}],"harmony":[{"octaveOffset":0,"velocity":0.8,"specification":"Piano 1/4s","midiChannel":5,"useHookpadOutput":true,"useMIDIOutput":true,"solo":false,"wasMutedBeforeSolo":false,"pan":0,"timing":0}],"bass":[{"octaveOffset":0,"velocity":0.8,"specification":"Piano Bass-Dotted","midiChannel":9,"useHookpadOutput":true,"useMIDIOutput":false,"solo":false,"wasMutedBeforeSolo":false,"pan":0,"timing":0}],"drums":[{"octaveOffset":0,"velocity":0,"specification":"Pop Simple 1-Default","midiChannel":10,"useHookpadOutput":true,"useMIDIOutput":true,"solo":false,"wasMutedBeforeSolo":false,"pan":0,"timing":0}]}],"lyrics":{"isOpen":false,"isFocused":false,"values":["","","",""],"sectionLyrics":[{"sectionName":"Song","lyrics":["","","",""]}]},"sections":[],"cursor":{"beat":1,"location":"cursor-chord-staff"},"settings":{"widthBeat":36,"zoom":1,"youtubeVolume":70,"globalDetune":0,"metronome":false,"relativeNotation":true,"staffMode":"note-staff-mode-collapsed","wrapMode":"wrap-mode-fixed-mreasures-per-line","wrapModeMeasuresPerLine":8,"colorMode":"diatonic-centric","colorTheme":"color-theme-light","showMeasureStaff":true,"showLoopStaff":true,"showNoteStaff":true,"showChordStaff":true,"inactiveMelodyDisplay":"inactive-melody-colored-by-index","showOnlyStableInStaff":false,"midiOutputLatency":0,"compressorValue":0.5,"compressorIsActive":false,"enableExternalMP3":true,"externalMP3URL":"","externalMP3StartBeat":1,"externalMP3Duration":0,"isExternalMP3Loaded":false,"leadTrackNames":["Lead 1","Lead 2","Lead 3","Lead 4"],"playbackTransposition":0},"loopGui":{"looping":false,"beat":1,"duration":16,"loopIndex":-1},"youtube":{"id":"https://www.youtube.com/watch?v=g7yNyhLOIa4","syncStart":0,"syncEnd":0.15560832675197966,"syncMode":"youtube-sync-mode-test"},"keyFrames":[{"beat":1},{"beat":65}],"activeMelodyIndex":0,"endBeat":65,"inactiveNotes":[[{"sd":"5","octave":0,"beat":1,"duration":0.5,"isRest":false,"recordingEndBeat":null},{"sd":"3","octave":0,"beat":1.5,"duration":0.5,"isRest":false,"recordingEndBeat":null},{"sd":"1","octave":0,"beat":2,"duration":0.5,"isRest":false,"recordingEndBeat":null},{"sd":"6","octave":0,"beat":2.5,"duration":1,"isRest":false,"recordingEndBeat":null},{"sd":"#3","octave":0,"beat":3.5,"duration":0.5,"isRest":false,"recordingEndBeat":null},{"sd":"b2","octave":0,"beat":4,"duration":1,"isRest":false,"recordingEndBeat":null},{"sd":"5","octave":0,"beat":5,"duration":0.5,"isRest":false,"recordingEndBeat":null},{"sd":"3","octave":0,"beat":5.5,"duration":0.5,"isRest":false,"recordingEndBeat":null},{"sd":"1","octave":0,"beat":6,"duration":0.5,"isRest":false,"recordingEndBeat":null},{"sd":"b5","octave":0,"beat":6.5,"duration":1,"isRest":false,"recordingEndBeat":null},{"sd":"2","octave":0,"beat":7.5,"duration":0.5,"isRest":false,"recordingEndBeat":null},{"sd":"b1","octave":0,"beat":8,"duration":1,"isRest":false,"recordingEndBeat":null},{"sd":"5","octave":0,"beat":9,"duration":0.5,"isRest":false,"recordingEndBeat":null},{"sd":"3","octave":0,"beat":9.5,"duration":0.5,"isRest":false,"recordingEndBeat":null},{"sd":"1","octave":0,"beat":10,"duration":0.5,"isRest":false,"recordingEndBeat":null},{"sd":"6","octave":0,"beat":10.5,"duration":1,"isRest":false,"recordingEndBeat":null},{"sd":"#3","octave":0,"beat":11.5,"duration":0.5,"isRest":false,"recordingEndBeat":null},{"sd":"b2","octave":0,"beat":12,"duration":1,"isRest":false,"recordingEndBeat":null},{"sd":"#6","octave":0,"beat":13,"duration":0.5,"isRest":false,"recordingEndBeat":null},{"sd":"#4","octave":0,"beat":13.5,"duration":0.5,"isRest":false,"recordingEndBeat":null},{"sd":"3","octave":0,"beat":14,"duration":0.5,"isRest":false,"recordingEndBeat":null},{"sd":"#7","octave":0,"beat":14.5,"duration":1,"isRest":false,"recordingEndBeat":null},{"sd":"5","octave":0,"beat":15.5,"duration":0.5,"isRest":false,"recordingEndBeat":null},{"sd":"2","octave":0,"beat":16,"duration":1,"isRest":false,"recordingEndBeat":null},{"sd":"5","octave":0,"beat":17,"duration":0.5,"isRest":false,"recordingEndBeat":null},{"sd":"3","octave":0,"beat":17.5,"duration":0.5,"isRest":false,"recordingEndBeat":null},{"sd":"1","octave":0,"beat":18,"duration":0.5,"isRest":false,"recordingEndBeat":null},{"sd":"6","octave":0,"beat":18.5,"duration":1,"isRest":false,"recordingEndBeat":null},{"sd":"#3","octave":0,"beat":19.5,"duration":0.5,"isRest":false,"recordingEndBeat":null},{"sd":"b2","octave":0,"beat":20,"duration":1,"isRest":false,"recordingEndBeat":null},{"sd":"5","octave":0,"beat":21,"duration":0.5,"isRest":false,"recordingEndBeat":null},{"sd":"3","octave":0,"beat":21.5,"duration":0.5,"isRest":false,"recordingEndBeat":null},{"sd":"1","octave":0,"beat":22,"duration":0.5,"isRest":false,"recordingEndBeat":null},{"sd":"b5","octave":0,"beat":22.5,"duration":1,"isRest":false,"recordingEndBeat":null},{"sd":"2","octave":0,"beat":23.5,"duration":0.5,"isRest":false,"recordingEndBeat":null},{"sd":"b1","octave":0,"beat":24,"duration":1,"isRest":false,"recordingEndBeat":null},{"sd":"5","octave":0,"beat":25,"duration":0.5,"isRest":false,"recordingEndBeat":null},{"sd":"3","octave":0,"beat":25.5,"duration":0.5,"isRest":false,"recordingEndBeat":null},{"sd":"1","octave":0,"beat":26,"duration":0.5,"isRest":false,"recordingEndBeat":null},{"sd":"6","octave":0,"beat":26.5,"duration":1,"isRest":false,"recordingEndBeat":null},{"sd":"#3","octave":0,"beat":27.5,"duration":0.5,"isRest":false,"recordingEndBeat":null},{"sd":"b2","octave":0,"beat":28,"duration":1,"isRest":false,"recordingEndBeat":null},{"sd":"#6","octave":0,"beat":29,"duration":0.5,"isRest":false,"recordingEndBeat":null},{"sd":"#4","octave":0,"beat":29.5,"duration":0.5,"isRest":false,"recordingEndBeat":null},{"sd":"3","octave":0,"beat":30,"duration":0.5,"isRest":false,"recordingEndBeat":null},{"sd":"#7","octave":0,"beat":30.5,"duration":1,"isRest":false,"recordingEndBeat":null},{"sd":"5","octave":0,"beat":31.5,"duration":0.5,"isRest":false,"recordingEndBeat":null},{"sd":"2","octave":0,"beat":32,"duration":1,"isRest":false,"recordingEndBeat":null},{"sd":"3","octave":0,"beat":33,"duration":1.5,"isRest":false,"recordingEndBeat":null},{"sd":"b4","octave":0,"beat":34.5,"duration":2.5,"isRest":false,"recordingEndBeat":null},{"sd":"5","octave":0,"beat":37,"duration":1.5,"isRest":false,"recordingEndBeat":null},{"sd":"#4","octave":0,"beat":38.5,"duration":2.5,"isRest":false,"recordingEndBeat":null},{"sd":"3","octave":0,"beat":41,"duration":1.5,"isRest":false,"recordingEndBeat":null},{"sd":"b4","octave":0,"beat":42.5,"duration":2.5,"isRest":false,"recordingEndBeat":null},{"sd":"#4","octave":0,"beat":45,"duration":1.5,"isRest":false,"recordingEndBeat":null},{"sd":"5","octave":0,"beat":46.5,"duration":2.5,"isRest":false,"recordingEndBeat":null},{"sd":"3","octave":0,"beat":49,"duration":1.5,"isRest":false,"recordingEndBeat":null},{"sd":"b4","octave":0,"beat":50.5,"duration":2.5,"isRest":false,"recordingEndBeat":null},{"sd":"5","octave":0,"beat":53,"duration":1.5,"isRest":false,"recordingEndBeat":null},{"sd":"#4","octave":0,"beat":54.5,"duration":2.5,"isRest":false,"recordingEndBeat":null},{"sd":"3","octave":0,"beat":57,"duration":1.5,"isRest":false,"recordingEndBeat":null},{"sd":"b4","octave":0,"beat":58.5,"duration":2.5,"isRest":false,"recordingEndBeat":null},{"sd":"#4","octave":0,"beat":61,"duration":1.5,"isRest":false,"recordingEndBeat":null},{"sd":"5","octave":0,"beat":62.5,"duration":2.5,"isRest":false,"recordingEndBeat":null}],[],[],[]],"visibleMelodies":[0,1,2,3],"soloAndMutedMelodies":{"harmonyVolume":0.7,"externalFileVolume":0.6,"drumsVolume":0.7,"metronomeVolume":0.3,"lead1Volume":0.7,"lead2Volume":0.7,"lead3Volume":0.7,"lead4Volume":0.7,"mute":{"master":false,"harmony":false,"external":false,"drums":false,"metronome":true,"lead1":false,"lead2":false,"lead3":false,"lead4":false,"bass":false},"bassVolume":0.7,"volume":1,"solo":{"harmony":false,"external":false,"drums":false,"metronome":false,"lead1":false,"lead2":false,"lead3":false,"lead4":false,"bass":false},"wasMutedBeforeSoloed":{"harmony":false,"external":false,"drums":false,"metronome":false,"lead1":false,"lead2":false,"lead3":false,"lead4":false,"bass":false}},"FXBypass":{},"customFXParams":{},"customSynthParams":{},"pickup":false,"fp":"63207db3a9accb31eb43409eadb7acc460e1d9d5"}